,FileName,XMin,XMax,YMin,YMax,ClassName
0,train/Lodz-Tansmana-2-Zabka_ZAB000002-02-2-000001_hv648.smarteye_2_yi__2019-08-12_07.02.16__YDXJ0205.jpg,256,453,103,136,sausage
1,train/Lodz-Tansmana-2-Zabka_ZAB000002-02-2-000001_hv648.smarteye_2_yi__2019-08-12_07.02.16__YDXJ0205.jpg,161,319,139,166,sausage
2,train/Lodz-Tansmana-2-Zabka_ZAB000002-02-2-000001_hv648.smarteye_2_yi__2019-08-12_07.02.16__YDXJ0205.jpg,341,538,126,162,sausage
3,train/Lodz-Tansmana-2-Zabka_ZAB000002-02-2-000001_hv648.smarteye_2_yi__2019-08-12_07.02.16__YDXJ0205.jpg,181,339,165,193,sausage
4,train/Lodz-Tansmana-2-Zabka_ZAB000002-02-2-000001_hv648.smarteye_2_yi__2019-08-12_07.02.16__YDXJ0205.jpg,356,522,157,184,sausage
5,train/Lodz-Tansmana-2-Zabka_ZAB000002-02-2-000001_hv648.smarteye_2_yi__2019-08-12_07.02.16__YDXJ0205.jpg,210,374,188,215,sausage
6,train/Lodz-Tansmana-2-Zabka_ZAB000002-02-2-000001_hv648.smarteye_2_yi__2019-08-12_07.02.16__YDXJ0205.jpg,372,540,181,210,sausage
7,train/Lodz-Tansmana-2-Zabka_ZAB000002-02-2-000001_hv648.smarteye_2_yi__2019-08-12_07.02.16__YDXJ0205.jpg,214,374,215,243,sausage
8,train/Lodz-Tansmana-2-Zabka_ZAB000002-02-2-000001_hv648.smarteye_2_yi__2019-08-12_07.02.16__YDXJ0205.jpg,374,540,210,236,sausage
9,train/Lodz-Tansmana-2-Zabka_ZAB000002-02-2-000001_hv648.smarteye_2_yi__2019-08-12_07.02.16__YDXJ0205.jpg,157,309,246,269,sausage
10,train/Lodz-Tansmana-2-Zabka_ZAB000002-02-2-000001_hv648.smarteye_2_yi__2019-08-12_07.02.16__YDXJ0205.jpg,307,475,240,266,sausage
11,train/Lodz-Tansmana-2-Zabka_ZAB000002-02-2-000001_hv648.smarteye_2_yi__2019-08-12_07.02.16__YDXJ0205.jpg,216,376,269,297,sausage
12,train/Lodz-Tansmana-2-Zabka_ZAB000002-02-2-000001_hv648.smarteye_2_yi__2019-08-12_07.02.16__YDXJ0205.jpg,376,540,264,292,sausage
13,train/Lodz-Tansmana-2-Zabka_ZAB000002-02-2-000001_hv648.smarteye_2_yi__2019-08-12_07.02.16__YDXJ0205.jpg,187,345,298,321,sausage
14,train/Lodz-Tansmana-2-Zabka_ZAB000002-02-2-000001_hv648.smarteye_2_yi__2019-08-12_07.02.16__YDXJ0205.jpg,344,508,290,318,sausage
15,train/Lodz-Tansmana-2-Zabka_ZAB000002-02-2-000001_hv648.smarteye_2_yi__2019-08-12_07.02.16__YDXJ0205.jpg,177,337,324,350,sausage
16,train/Lodz-Tansmana-2-Zabka_ZAB000002-02-2-000001_hv648.smarteye_2_yi__2019-08-12_07.02.16__YDXJ0205.jpg,370,542,318,346,sausage
17,train/Lodz-Tansmana-2-Zabka_ZAB000002-02-2-000001_hv648.smarteye_2_yi__2019-08-12_07.02.16__YDXJ0205.jpg,197,360,349,376,sausage
18,train/Lodz-Tansmana-2-Zabka_ZAB000002-02-2-000001_hv648.smarteye_2_yi__2019-08-12_07.02.16__YDXJ0205.jpg,370,542,347,375,sausage
19,train/Lodz-Tansmana-2-Zabka_ZAB000002-02-2-000002_hv648.smarteye_2_yi__2019-08-12_10.02.13__YDXJ0206.jpg,342,540,99,135,sausage
20,train/Lodz-Tansmana-2-Zabka_ZAB000002-02-2-000002_hv648.smarteye_2_yi__2019-08-12_10.02.13__YDXJ0206.jpg,164,321,139,167,sausage
21,train/Lodz-Tansmana-2-Zabka_ZAB000002-02-2-000002_hv648.smarteye_2_yi__2019-08-12_10.02.13__YDXJ0206.jpg,342,540,128,160,sausage
22,train/Lodz-Tansmana-2-Zabka_ZAB000002-02-2-000002_hv648.smarteye_2_yi__2019-08-12_10.02.13__YDXJ0206.jpg,223,378,162,191,sausage
23,train/Lodz-Tansmana-2-Zabka_ZAB000002-02-2-000002_hv648.smarteye_2_yi__2019-08-12_10.02.13__YDXJ0206.jpg,378,538,155,185,sausage
24,train/Lodz-Tansmana-2-Zabka_ZAB000002-02-2-000002_hv648.smarteye_2_yi__2019-08-12_10.02.13__YDXJ0206.jpg,219,376,188,219,sausage
25,train/Lodz-Tansmana-2-Zabka_ZAB000002-02-2-000002_hv648.smarteye_2_yi__2019-08-12_10.02.13__YDXJ0206.jpg,376,538,183,211,sausage
26,train/Lodz-Tansmana-2-Zabka_ZAB000002-02-2-000002_hv648.smarteye_2_yi__2019-08-12_10.02.13__YDXJ0206.jpg,374,538,209,238,sausage
27,train/Lodz-Tansmana-2-Zabka_ZAB000002-02-2-000002_hv648.smarteye_2_yi__2019-08-12_10.02.13__YDXJ0206.jpg,158,307,244,269,sausage
28,train/Lodz-Tansmana-2-Zabka_ZAB000002-02-2-000002_hv648.smarteye_2_yi__2019-08-12_10.02.13__YDXJ0206.jpg,307,472,240,267,sausage
29,train/Lodz-Tansmana-2-Zabka_ZAB000002-02-2-000002_hv648.smarteye_2_yi__2019-08-12_10.02.13__YDXJ0206.jpg,223,378,267,293,sausage
30,train/Lodz-Tansmana-2-Zabka_ZAB000002-02-2-000002_hv648.smarteye_2_yi__2019-08-12_10.02.13__YDXJ0206.jpg,378,538,264,290,sausage
31,train/Lodz-Tansmana-2-Zabka_ZAB000002-02-2-000002_hv648.smarteye_2_yi__2019-08-12_10.02.13__YDXJ0206.jpg,223,380,296,319,sausage
32,train/Lodz-Tansmana-2-Zabka_ZAB000002-02-2-000002_hv648.smarteye_2_yi__2019-08-12_10.02.13__YDXJ0206.jpg,380,538,293,317,sausage
33,train/Lodz-Tansmana-2-Zabka_ZAB000002-02-2-000002_hv648.smarteye_2_yi__2019-08-12_10.02.13__YDXJ0206.jpg,190,346,324,348,sausage
34,train/Lodz-Tansmana-2-Zabka_ZAB000002-02-2-000002_hv648.smarteye_2_yi__2019-08-12_10.02.13__YDXJ0206.jpg,372,536,322,345,sausage
35,train/Lodz-Tansmana-2-Zabka_ZAB000002-02-2-000002_hv648.smarteye_2_yi__2019-08-12_10.02.13__YDXJ0206.jpg,215,374,353,375,sausage
36,train/Lodz-Tansmana-2-Zabka_ZAB000002-02-2-000002_hv648.smarteye_2_yi__2019-08-12_10.02.13__YDXJ0206.jpg,374,538,348,372,sausage
37,train/Lodz-Tansmana-2-Zabka_ZAB000002-02-2-000002_hv648.smarteye_2_yi__2019-08-12_12.07.06__YDXJ0207.jpg,342,540,97,133,sausage
38,train/Lodz-Tansmana-2-Zabka_ZAB000002-02-2-000002_hv648.smarteye_2_yi__2019-08-12_12.07.06__YDXJ0207.jpg,172,326,138,167,sausage
39,train/Lodz-Tansmana-2-Zabka_ZAB000002-02-2-000002_hv648.smarteye_2_yi__2019-08-12_12.07.06__YDXJ0207.jpg,377,540,157,184,sausage
40,train/Lodz-Tansmana-2-Zabka_ZAB000002-02-2-000002_hv648.smarteye_2_yi__2019-08-12_12.07.06__YDXJ0207.jpg,217,376,188,215,sausage
41,train/Lodz-Tansmana-2-Zabka_ZAB000002-02-2-000002_hv648.smarteye_2_yi__2019-08-12_12.07.06__YDXJ0207.jpg,375,538,182,210,sausage
42,train/Lodz-Tansmana-2-Zabka_ZAB000002-02-2-000002_hv648.smarteye_2_yi__2019-08-12_12.07.06__YDXJ0207.jpg,373,540,211,237,sausage
43,train/Lodz-Tansmana-2-Zabka_ZAB000002-02-2-000002_hv648.smarteye_2_yi__2019-08-12_12.07.06__YDXJ0207.jpg,263,425,242,267,sausage
44,train/Lodz-Tansmana-2-Zabka_ZAB000002-02-2-000002_hv648.smarteye_2_yi__2019-08-12_12.07.06__YDXJ0207.jpg,225,382,270,296,sausage
45,train/Lodz-Tansmana-2-Zabka_ZAB000002-02-2-000002_hv648.smarteye_2_yi__2019-08-12_12.07.06__YDXJ0207.jpg,381,540,265,290,sausage
46,train/Lodz-Tansmana-2-Zabka_ZAB000002-02-2-000002_hv648.smarteye_2_yi__2019-08-12_12.07.06__YDXJ0207.jpg,227,380,298,322,sausage
47,train/Lodz-Tansmana-2-Zabka_ZAB000002-02-2-000002_hv648.smarteye_2_yi__2019-08-12_12.07.06__YDXJ0207.jpg,381,540,293,318,sausage
48,train/Lodz-Tansmana-2-Zabka_ZAB000002-02-2-000002_hv648.smarteye_2_yi__2019-08-12_12.07.06__YDXJ0207.jpg,375,540,321,345,sausage
49,train/Lodz-Tansmana-2-Zabka_ZAB000002-02-2-000002_hv648.smarteye_2_yi__2019-08-12_12.07.06__YDXJ0207.jpg,375,542,348,375,sausage
50,train/Lodz-Tansmana-2-Zabka_ZAB000002-02-2-000002_hv648.smarteye_2_yi__2019-08-12_15.07.11__YDXJ0208.jpg,343,539,98,134,sausage
51,train/Lodz-Tansmana-2-Zabka_ZAB000002-02-2-000002_hv648.smarteye_2_yi__2019-08-12_15.07.11__YDXJ0208.jpg,377,539,157,185,sausage
52,train/Lodz-Tansmana-2-Zabka_ZAB000002-02-2-000002_hv648.smarteye_2_yi__2019-08-12_15.07.11__YDXJ0208.jpg,262,424,186,216,sausage
53,train/Lodz-Tansmana-2-Zabka_ZAB000002-02-2-000002_hv648.smarteye_2_yi__2019-08-12_15.07.11__YDXJ0208.jpg,219,377,214,242,sausage
54,train/Lodz-Tansmana-2-Zabka_ZAB000002-02-2-000002_hv648.smarteye_2_yi__2019-08-12_15.07.11__YDXJ0208.jpg,377,541,211,237,sausage
55,train/Lodz-Tansmana-2-Zabka_ZAB000002-02-2-000002_hv648.smarteye_2_yi__2019-08-12_15.07.11__YDXJ0208.jpg,217,373,243,271,sausage
56,train/Lodz-Tansmana-2-Zabka_ZAB000002-02-2-000002_hv648.smarteye_2_yi__2019-08-12_15.07.11__YDXJ0208.jpg,373,531,240,265,sausage
57,train/Lodz-Tansmana-2-Zabka_ZAB000002-02-2-000002_hv648.smarteye_2_yi__2019-08-12_15.07.11__YDXJ0208.jpg,381,539,266,293,sausage
58,train/Lodz-Tansmana-2-Zabka_ZAB000002-02-2-000002_hv648.smarteye_2_yi__2019-08-12_15.07.11__YDXJ0208.jpg,219,385,296,322,sausage
59,train/Lodz-Tansmana-2-Zabka_ZAB000002-02-2-000002_hv648.smarteye_2_yi__2019-08-12_15.07.11__YDXJ0208.jpg,385,541,294,320,sausage
60,train/Lodz-Tansmana-2-Zabka_ZAB000002-02-2-000002_hv648.smarteye_2_yi__2019-08-12_15.07.11__YDXJ0208.jpg,274,440,320,348,sausage
61,train/Lodz-Tansmana-2-Zabka_ZAB000002-02-2-000002_hv648.smarteye_2_yi__2019-08-12_15.07.11__YDXJ0208.jpg,209,379,350,377,sausage
62,train/Lodz-Tansmana-2-Zabka_ZAB000002-02-2-000002_hv648.smarteye_2_yi__2019-08-12_15.07.11__YDXJ0208.jpg,379,539,348,374,sausage
63,train/Lodz-Tansmana-2-Zabka_ZAB000002-02-2-000002_hv648.smarteye_2_yi__2019-08-12_19.02.43__YDXJ0209.jpg,299,460,192,215,sausage
64,train/Lodz-Tansmana-2-Zabka_ZAB000002-02-2-000002_hv648.smarteye_2_yi__2019-08-12_19.02.43__YDXJ0209.jpg,220,372,271,293,sausage
65,train/Lodz-Tansmana-2-Zabka_ZAB000002-02-2-000002_hv648.smarteye_2_yi__2019-08-12_19.02.43__YDXJ0209.jpg,372,531,271,291,sausage
66,train/Lodz-Tansmana-2-Zabka_ZAB000002-02-2-000002_hv648.smarteye_2_yi__2019-08-12_19.02.43__YDXJ0209.jpg,166,328,346,369,sausage
67,train/Lodz-Tansmana-2-Zabka_ZAB000002-02-2-000002_hv648.smarteye_2_yi__2019-08-12_19.02.43__YDXJ0209.jpg,347,514,350,372,sausage
68,train/Lodz-Tansmana-2-Zabka_ZAB000002-02-2-000002_hv648.smarteye_2_yi__2019-08-13_07.03.11__YDXJ0211.jpg,167,364,135,166,sausage
69,train/Lodz-Tansmana-2-Zabka_ZAB000002-02-2-000002_hv648.smarteye_2_yi__2019-08-13_07.03.11__YDXJ0211.jpg,337,542,154,185,sausage
70,train/Lodz-Tansmana-2-Zabka_ZAB000002-02-2-000002_hv648.smarteye_2_yi__2019-08-13_07.03.11__YDXJ0211.jpg,352,546,87,138,sausage
71,train/Lodz-Tansmana-2-Zabka_ZAB000002-02-2-000002_hv648.smarteye_2_yi__2019-08-13_07.03.11__YDXJ0211.jpg,161,325,192,218,sausage
72,train/Lodz-Tansmana-2-Zabka_ZAB000002-02-2-000002_hv648.smarteye_2_yi__2019-08-13_07.03.11__YDXJ0211.jpg,323,487,187,213,sausage
73,train/Lodz-Tansmana-2-Zabka_ZAB000002-02-2-000002_hv648.smarteye_2_yi__2019-08-13_07.03.11__YDXJ0211.jpg,374,540,213,237,sausage
74,train/Lodz-Tansmana-2-Zabka_ZAB000002-02-2-000002_hv648.smarteye_2_yi__2019-08-13_07.03.11__YDXJ0211.jpg,210,374,216,242,sausage
75,train/Lodz-Tansmana-2-Zabka_ZAB000002-02-2-000002_hv648.smarteye_2_yi__2019-08-13_07.03.11__YDXJ0211.jpg,161,325,244,273,sausage
76,train/Lodz-Tansmana-2-Zabka_ZAB000002-02-2-000002_hv648.smarteye_2_yi__2019-08-13_07.03.11__YDXJ0211.jpg,343,512,237,267,sausage
77,train/Lodz-Tansmana-2-Zabka_ZAB000002-02-2-000002_hv648.smarteye_2_yi__2019-08-13_07.03.11__YDXJ0211.jpg,195,356,271,296,sausage
78,train/Lodz-Tansmana-2-Zabka_ZAB000002-02-2-000002_hv648.smarteye_2_yi__2019-08-13_07.03.11__YDXJ0211.jpg,356,516,266,294,sausage
79,train/Lodz-Tansmana-2-Zabka_ZAB000002-02-2-000002_hv648.smarteye_2_yi__2019-08-13_07.03.11__YDXJ0211.jpg,210,368,297,322,sausage
80,train/Lodz-Tansmana-2-Zabka_ZAB000002-02-2-000002_hv648.smarteye_2_yi__2019-08-13_07.03.11__YDXJ0211.jpg,372,542,293,317,sausage
81,train/Lodz-Tansmana-2-Zabka_ZAB000002-02-2-000002_hv648.smarteye_2_yi__2019-08-13_07.03.11__YDXJ0211.jpg,153,311,327,348,sausage
82,train/Lodz-Tansmana-2-Zabka_ZAB000002-02-2-000002_hv648.smarteye_2_yi__2019-08-13_07.03.11__YDXJ0211.jpg,372,538,320,345,sausage
83,train/Lodz-Tansmana-2-Zabka_ZAB000002-02-2-000002_hv648.smarteye_2_yi__2019-08-13_07.03.11__YDXJ0211.jpg,163,323,353,374,sausage
84,train/Lodz-Tansmana-2-Zabka_ZAB000002-02-2-000002_hv648.smarteye_2_yi__2019-08-13_07.03.11__YDXJ0211.jpg,323,475,350,372,sausage
85,train/Lodz-Tansmana-2-Zabka_ZAB000002-02-2-000002_hv648.smarteye_2_yi__2019-08-13_10.03.04__YDXJ0212.jpg,353,543,81,137,sausage
86,train/Lodz-Tansmana-2-Zabka_ZAB000002-02-2-000002_hv648.smarteye_2_yi__2019-08-13_10.03.04__YDXJ0212.jpg,223,417,132,164,sausage
87,train/Lodz-Tansmana-2-Zabka_ZAB000002-02-2-000002_hv648.smarteye_2_yi__2019-08-13_10.03.04__YDXJ0212.jpg,333,539,150,191,sausage
88,train/Lodz-Tansmana-2-Zabka_ZAB000002-02-2-000002_hv648.smarteye_2_yi__2019-08-13_10.03.04__YDXJ0212.jpg,227,391,187,215,sausage
89,train/Lodz-Tansmana-2-Zabka_ZAB000002-02-2-000002_hv648.smarteye_2_yi__2019-08-13_10.03.04__YDXJ0212.jpg,215,379,213,243,sausage
90,train/Lodz-Tansmana-2-Zabka_ZAB000002-02-2-000002_hv648.smarteye_2_yi__2019-08-13_10.03.04__YDXJ0212.jpg,379,541,212,238,sausage
91,train/Lodz-Tansmana-2-Zabka_ZAB000002-02-2-000002_hv648.smarteye_2_yi__2019-08-13_10.03.04__YDXJ0212.jpg,158,318,248,269,sausage
92,train/Lodz-Tansmana-2-Zabka_ZAB000002-02-2-000002_hv648.smarteye_2_yi__2019-08-13_10.03.04__YDXJ0212.jpg,341,505,239,266,sausage
93,train/Lodz-Tansmana-2-Zabka_ZAB000002-02-2-000002_hv648.smarteye_2_yi__2019-08-13_10.03.04__YDXJ0212.jpg,223,381,270,295,sausage
94,train/Lodz-Tansmana-2-Zabka_ZAB000002-02-2-000002_hv648.smarteye_2_yi__2019-08-13_10.03.04__YDXJ0212.jpg,381,539,267,292,sausage
95,train/Lodz-Tansmana-2-Zabka_ZAB000002-02-2-000002_hv648.smarteye_2_yi__2019-08-13_10.03.04__YDXJ0212.jpg,213,371,298,321,sausage
96,train/Lodz-Tansmana-2-Zabka_ZAB000002-02-2-000002_hv648.smarteye_2_yi__2019-08-13_10.03.04__YDXJ0212.jpg,377,541,293,318,sausage
97,train/Lodz-Tansmana-2-Zabka_ZAB000002-02-2-000002_hv648.smarteye_2_yi__2019-08-13_10.03.04__YDXJ0212.jpg,160,318,326,349,sausage
98,train/Lodz-Tansmana-2-Zabka_ZAB000002-02-2-000002_hv648.smarteye_2_yi__2019-08-13_10.03.04__YDXJ0212.jpg,375,539,323,346,sausage
99,train/Lodz-Tansmana-2-Zabka_ZAB000002-02-2-000002_hv648.smarteye_2_yi__2019-08-13_10.03.04__YDXJ0212.jpg,171,326,354,375,sausage
100,train/Lodz-Tansmana-2-Zabka_ZAB000002-02-2-000002_hv648.smarteye_2_yi__2019-08-13_12.03.10__YDXJ0213.jpg,357,544,87,133,sausage
101,train/Lodz-Tansmana-2-Zabka_ZAB000002-02-2-000002_hv648.smarteye_2_yi__2019-08-13_12.03.10__YDXJ0213.jpg,280,469,131,163,sausage
102,train/Lodz-Tansmana-2-Zabka_ZAB000002-02-2-000002_hv648.smarteye_2_yi__2019-08-13_12.03.10__YDXJ0213.jpg,183,341,164,192,sausage
103,train/Lodz-Tansmana-2-Zabka_ZAB000002-02-2-000002_hv648.smarteye_2_yi__2019-08-13_12.03.10__YDXJ0213.jpg,343,540,153,185,sausage
104,train/Lodz-Tansmana-2-Zabka_ZAB000002-02-2-000002_hv648.smarteye_2_yi__2019-08-13_12.03.10__YDXJ0213.jpg,211,375,190,215,sausage
105,train/Lodz-Tansmana-2-Zabka_ZAB000002-02-2-000002_hv648.smarteye_2_yi__2019-08-13_12.03.10__YDXJ0213.jpg,374,526,185,211,sausage
106,train/Lodz-Tansmana-2-Zabka_ZAB000002-02-2-000002_hv648.smarteye_2_yi__2019-08-13_12.03.10__YDXJ0213.jpg,219,378,218,242,sausage
107,train/Lodz-Tansmana-2-Zabka_ZAB000002-02-2-000002_hv648.smarteye_2_yi__2019-08-13_12.03.10__YDXJ0213.jpg,378,536,213,238,sausage
108,train/Lodz-Tansmana-2-Zabka_ZAB000002-02-2-000002_hv648.smarteye_2_yi__2019-08-13_12.03.10__YDXJ0213.jpg,157,311,247,270,sausage
109,train/Lodz-Tansmana-2-Zabka_ZAB000002-02-2-000002_hv648.smarteye_2_yi__2019-08-13_12.03.10__YDXJ0213.jpg,376,536,237,265,sausage
110,train/Lodz-Tansmana-2-Zabka_ZAB000002-02-2-000002_hv648.smarteye_2_yi__2019-08-13_12.03.10__YDXJ0213.jpg,222,377,272,295,sausage
111,train/Lodz-Tansmana-2-Zabka_ZAB000002-02-2-000002_hv648.smarteye_2_yi__2019-08-13_12.03.10__YDXJ0213.jpg,376,536,267,291,sausage
112,train/Lodz-Tansmana-2-Zabka_ZAB000002-02-2-000002_hv648.smarteye_2_yi__2019-08-13_12.03.10__YDXJ0213.jpg,319,487,293,319,sausage
113,train/Lodz-Tansmana-2-Zabka_ZAB000002-02-2-000002_hv648.smarteye_2_yi__2019-08-13_12.03.10__YDXJ0213.jpg,368,538,321,347,sausage
114,train/Lodz-Tansmana-2-Zabka_ZAB000002-02-2-000002_hv648.smarteye_2_yi__2019-08-13_12.03.10__YDXJ0213.jpg,151,311,325,348,sausage
115,train/Lodz-Tansmana-2-Zabka_ZAB000002-02-2-000002_hv648.smarteye_2_yi__2019-08-13_12.03.10__YDXJ0213.jpg,205,363,350,376,sausage
116,train/Lodz-Tansmana-2-Zabka_ZAB000002-02-2-000002_hv648.smarteye_2_yi__2019-08-13_12.03.10__YDXJ0213.jpg,363,534,350,373,sausage
117,train/Lodz-Tansmana-2-Zabka_ZAB000002-02-2-000002_hv648.smarteye_2_yi__2019-08-13_15.03.14__YDXJ0214.jpg,356,544,83,134,sausage
118,train/Lodz-Tansmana-2-Zabka_ZAB000002-02-2-000002_hv648.smarteye_2_yi__2019-08-13_15.03.14__YDXJ0214.jpg,346,536,129,160,sausage
119,train/Lodz-Tansmana-2-Zabka_ZAB000002-02-2-000002_hv648.smarteye_2_yi__2019-08-13_15.03.14__YDXJ0214.jpg,304,467,160,186,sausage
120,train/Lodz-Tansmana-2-Zabka_ZAB000002-02-2-000002_hv648.smarteye_2_yi__2019-08-13_15.03.14__YDXJ0214.jpg,223,384,189,217,sausage
121,train/Lodz-Tansmana-2-Zabka_ZAB000002-02-2-000002_hv648.smarteye_2_yi__2019-08-13_15.03.14__YDXJ0214.jpg,384,540,183,211,sausage
122,train/Lodz-Tansmana-2-Zabka_ZAB000002-02-2-000002_hv648.smarteye_2_yi__2019-08-13_15.03.14__YDXJ0214.jpg,223,380,219,242,sausage
123,train/Lodz-Tansmana-2-Zabka_ZAB000002-02-2-000002_hv648.smarteye_2_yi__2019-08-13_15.03.14__YDXJ0214.jpg,380,538,212,237,sausage
124,train/Lodz-Tansmana-2-Zabka_ZAB000002-02-2-000002_hv648.smarteye_2_yi__2019-08-13_15.03.14__YDXJ0214.jpg,380,538,242,266,sausage
125,train/Lodz-Tansmana-2-Zabka_ZAB000002-02-2-000002_hv648.smarteye_2_yi__2019-08-13_15.03.14__YDXJ0214.jpg,382,540,266,292,sausage
126,train/Lodz-Tansmana-2-Zabka_ZAB000002-02-2-000002_hv648.smarteye_2_yi__2019-08-13_15.03.14__YDXJ0214.jpg,293,453,296,320,sausage
127,train/Lodz-Tansmana-2-Zabka_ZAB000002-02-2-000002_hv648.smarteye_2_yi__2019-08-13_15.03.14__YDXJ0214.jpg,152,309,327,351,sausage
128,train/Lodz-Tansmana-2-Zabka_ZAB000002-02-2-000002_hv648.smarteye_2_yi__2019-08-13_15.03.14__YDXJ0214.jpg,372,542,320,346,sausage
129,train/Lodz-Tansmana-2-Zabka_ZAB000002-02-2-000002_hv648.smarteye_2_yi__2019-08-13_15.03.14__YDXJ0214.jpg,217,376,351,376,sausage
130,train/Lodz-Tansmana-2-Zabka_ZAB000002-02-2-000002_hv648.smarteye_2_yi__2019-08-13_15.03.14__YDXJ0214.jpg,376,542,348,374,sausage
131,train/Lodz-Tansmana-2-Zabka_ZAB000002-02-2-000002_hv648.smarteye_2_yi__2019-08-13_19.04.11__YDXJ0215.jpg,358,546,138,191,sausage
132,train/Lodz-Tansmana-2-Zabka_ZAB000002-02-2-000002_hv648.smarteye_2_yi__2019-08-13_19.04.11__YDXJ0215.jpg,366,530,184,210,sausage
133,train/Lodz-Tansmana-2-Zabka_ZAB000002-02-2-000002_hv648.smarteye_2_yi__2019-08-13_19.04.11__YDXJ0215.jpg,191,356,271,297,sausage
134,train/Lodz-Tansmana-2-Zabka_ZAB000002-02-2-000002_hv648.smarteye_2_yi__2019-08-13_19.04.11__YDXJ0215.jpg,354,526,266,292,sausage
135,train/Lodz-Tansmana-2-Zabka_ZAB000002-02-2-000002_hv648.smarteye_2_yi__2019-08-13_19.04.11__YDXJ0215.jpg,203,374,297,323,sausage
136,train/Lodz-Tansmana-2-Zabka_ZAB000002-02-2-000002_hv648.smarteye_2_yi__2019-08-13_19.04.11__YDXJ0215.jpg,373,542,290,318,sausage
137,train/Lodz-Tansmana-2-Zabka_ZAB000002-02-2-000002_hv648.smarteye_2_yi__2019-08-13_19.04.11__YDXJ0215.jpg,154,314,325,349,sausage
138,train/Lodz-Tansmana-2-Zabka_ZAB000002-02-2-000002_hv648.smarteye_2_yi__2019-08-13_19.04.11__YDXJ0215.jpg,314,482,322,348,sausage
139,train/Lodz-Tansmana-2-Zabka_ZAB000002-02-2-000002_hv648.smarteye_2_yi__2019-08-13_19.04.11__YDXJ0215.jpg,178,350,351,377,sausage
140,train/Lodz-Tansmana-2-Zabka_ZAB000002-02-2-000002_hv648.smarteye_2_yi__2019-08-13_19.04.11__YDXJ0215.jpg,350,526,348,374,sausage
141,train/Lodz-Tansmana-2-Zabka_ZAB000002-02-2-000002_hv648.smarteye_2_yi__2019-08-14_04.33.07__YDXJ0216.jpg,359,543,83,133,sausage
142,train/Lodz-Tansmana-2-Zabka_ZAB000002-02-2-000002_hv648.smarteye_2_yi__2019-08-14_04.33.07__YDXJ0216.jpg,162,365,133,163,sausage
143,train/Lodz-Tansmana-2-Zabka_ZAB000002-02-2-000002_hv648.smarteye_2_yi__2019-08-14_04.33.07__YDXJ0216.jpg,158,322,163,192,sausage
144,train/Lodz-Tansmana-2-Zabka_ZAB000002-02-2-000002_hv648.smarteye_2_yi__2019-08-14_04.33.07__YDXJ0216.jpg,322,531,153,184,sausage
145,train/Lodz-Tansmana-2-Zabka_ZAB000002-02-2-000002_hv648.smarteye_2_yi__2019-08-14_04.33.07__YDXJ0216.jpg,181,347,190,217,sausage
146,train/Lodz-Tansmana-2-Zabka_ZAB000002-02-2-000002_hv648.smarteye_2_yi__2019-08-14_04.33.07__YDXJ0216.jpg,351,519,184,208,sausage
147,train/Lodz-Tansmana-2-Zabka_ZAB000002-02-2-000002_hv648.smarteye_2_yi__2019-08-14_04.33.07__YDXJ0216.jpg,187,355,218,244,sausage
148,train/Lodz-Tansmana-2-Zabka_ZAB000002-02-2-000002_hv648.smarteye_2_yi__2019-08-14_04.33.07__YDXJ0216.jpg,369,541,210,238,sausage
149,train/Lodz-Tansmana-2-Zabka_ZAB000002-02-2-000002_hv648.smarteye_2_yi__2019-08-14_04.33.07__YDXJ0216.jpg,185,357,243,269,sausage
150,train/Lodz-Tansmana-2-Zabka_ZAB000002-02-2-000002_hv648.smarteye_2_yi__2019-08-14_04.33.07__YDXJ0216.jpg,359,531,238,264,sausage
151,train/Lodz-Tansmana-2-Zabka_ZAB000002-02-2-000002_hv648.smarteye_2_yi__2019-08-14_04.33.07__YDXJ0216.jpg,160,334,270,295,sausage
152,train/Lodz-Tansmana-2-Zabka_ZAB000002-02-2-000002_hv648.smarteye_2_yi__2019-08-14_04.33.07__YDXJ0216.jpg,365,541,265,292,sausage
153,train/Lodz-Tansmana-2-Zabka_ZAB000002-02-2-000002_hv648.smarteye_2_yi__2019-08-14_04.33.07__YDXJ0216.jpg,171,341,296,321,sausage
154,train/Lodz-Tansmana-2-Zabka_ZAB000002-02-2-000002_hv648.smarteye_2_yi__2019-08-14_04.33.07__YDXJ0216.jpg,351,519,293,318,sausage
155,train/Lodz-Tansmana-2-Zabka_ZAB000002-02-2-000002_hv648.smarteye_2_yi__2019-08-14_04.33.07__YDXJ0216.jpg,154,324,326,347,sausage
156,train/Lodz-Tansmana-2-Zabka_ZAB000002-02-2-000002_hv648.smarteye_2_yi__2019-08-14_04.33.07__YDXJ0216.jpg,365,537,319,346,sausage
157,train/Lodz-Tansmana-2-Zabka_ZAB000002-02-2-000002_hv648.smarteye_2_yi__2019-08-14_04.33.07__YDXJ0216.jpg,169,345,350,375,sausage
158,train/Lodz-Tansmana-2-Zabka_ZAB000002-02-2-000002_hv648.smarteye_2_yi__2019-08-14_04.33.07__YDXJ0216.jpg,359,535,349,373,sausage
159,train/Lodz-Tansmana-2-Zabka_ZAB000002-02-2-000002_hv648.smarteye_2_yi__2019-08-14_07.03.06__YDXJ0217.jpg,361,545,84,133,sausage
160,train/Lodz-Tansmana-2-Zabka_ZAB000002-02-2-000002_hv648.smarteye_2_yi__2019-08-14_07.03.06__YDXJ0217.jpg,160,359,133,166,sausage
161,train/Lodz-Tansmana-2-Zabka_ZAB000002-02-2-000002_hv648.smarteye_2_yi__2019-08-14_07.03.06__YDXJ0217.jpg,177,338,164,192,sausage
162,train/Lodz-Tansmana-2-Zabka_ZAB000002-02-2-000002_hv648.smarteye_2_yi__2019-08-14_07.03.06__YDXJ0217.jpg,337,539,151,186,sausage
163,train/Lodz-Tansmana-2-Zabka_ZAB000002-02-2-000002_hv648.smarteye_2_yi__2019-08-14_07.03.06__YDXJ0217.jpg,199,361,190,217,sausage
164,train/Lodz-Tansmana-2-Zabka_ZAB000002-02-2-000002_hv648.smarteye_2_yi__2019-08-14_07.03.06__YDXJ0217.jpg,375,539,184,208,sausage
165,train/Lodz-Tansmana-2-Zabka_ZAB000002-02-2-000002_hv648.smarteye_2_yi__2019-08-14_07.03.06__YDXJ0217.jpg,217,375,217,240,sausage
166,train/Lodz-Tansmana-2-Zabka_ZAB000002-02-2-000002_hv648.smarteye_2_yi__2019-08-14_07.03.06__YDXJ0217.jpg,377,541,212,236,sausage
167,train/Lodz-Tansmana-2-Zabka_ZAB000002-02-2-000002_hv648.smarteye_2_yi__2019-08-14_07.03.06__YDXJ0217.jpg,154,316,246,269,sausage
168,train/Lodz-Tansmana-2-Zabka_ZAB000002-02-2-000002_hv648.smarteye_2_yi__2019-08-14_07.03.06__YDXJ0217.jpg,318,480,241,264,sausage
169,train/Lodz-Tansmana-2-Zabka_ZAB000002-02-2-000002_hv648.smarteye_2_yi__2019-08-14_07.03.06__YDXJ0217.jpg,211,379,270,295,sausage
170,train/Lodz-Tansmana-2-Zabka_ZAB000002-02-2-000002_hv648.smarteye_2_yi__2019-08-14_07.03.06__YDXJ0217.jpg,379,539,264,288,sausage
171,train/Lodz-Tansmana-2-Zabka_ZAB000002-02-2-000002_hv648.smarteye_2_yi__2019-08-14_07.03.06__YDXJ0217.jpg,219,381,296,321,sausage
172,train/Lodz-Tansmana-2-Zabka_ZAB000002-02-2-000002_hv648.smarteye_2_yi__2019-08-14_07.03.06__YDXJ0217.jpg,381,539,292,316,sausage
173,train/Lodz-Tansmana-2-Zabka_ZAB000002-02-2-000002_hv648.smarteye_2_yi__2019-08-14_07.03.06__YDXJ0217.jpg,154,318,328,347,sausage
174,train/Lodz-Tansmana-2-Zabka_ZAB000002-02-2-000002_hv648.smarteye_2_yi__2019-08-14_07.03.06__YDXJ0217.jpg,373,541,321,346,sausage
175,train/Lodz-Tansmana-2-Zabka_ZAB000002-02-2-000002_hv648.smarteye_2_yi__2019-08-14_07.03.06__YDXJ0217.jpg,185,355,352,375,sausage
176,train/Lodz-Tansmana-2-Zabka_ZAB000002-02-2-000002_hv648.smarteye_2_yi__2019-08-14_07.03.06__YDXJ0217.jpg,375,543,349,375,sausage
177,train/Lodz-Tansmana-2-Zabka_ZAB000002-02-2-000002_hv648.smarteye_2_yi__2019-08-14_09.32.57__YDXJ0218.jpg,169,367,107,140,sausage
178,train/Lodz-Tansmana-2-Zabka_ZAB000002-02-2-000002_hv648.smarteye_2_yi__2019-08-14_09.32.57__YDXJ0218.jpg,365,545,84,132,sausage
179,train/Lodz-Tansmana-2-Zabka_ZAB000002-02-2-000002_hv648.smarteye_2_yi__2019-08-14_09.32.57__YDXJ0218.jpg,162,361,137,166,sausage
180,train/Lodz-Tansmana-2-Zabka_ZAB000002-02-2-000002_hv648.smarteye_2_yi__2019-08-14_09.32.57__YDXJ0218.jpg,369,527,132,158,sausage
181,train/Lodz-Tansmana-2-Zabka_ZAB000002-02-2-000002_hv648.smarteye_2_yi__2019-08-14_09.32.57__YDXJ0218.jpg,193,349,166,191,sausage
182,train/Lodz-Tansmana-2-Zabka_ZAB000002-02-2-000002_hv648.smarteye_2_yi__2019-08-14_09.32.57__YDXJ0218.jpg,375,541,155,184,sausage
183,train/Lodz-Tansmana-2-Zabka_ZAB000002-02-2-000002_hv648.smarteye_2_yi__2019-08-14_09.32.57__YDXJ0218.jpg,185,345,190,218,sausage
184,train/Lodz-Tansmana-2-Zabka_ZAB000002-02-2-000002_hv648.smarteye_2_yi__2019-08-14_09.32.57__YDXJ0218.jpg,371,535,184,212,sausage
185,train/Lodz-Tansmana-2-Zabka_ZAB000002-02-2-000002_hv648.smarteye_2_yi__2019-08-14_09.32.57__YDXJ0218.jpg,211,369,220,243,sausage
186,train/Lodz-Tansmana-2-Zabka_ZAB000002-02-2-000002_hv648.smarteye_2_yi__2019-08-14_09.32.57__YDXJ0218.jpg,375,539,212,236,sausage
187,train/Lodz-Tansmana-2-Zabka_ZAB000002-02-2-000002_hv648.smarteye_2_yi__2019-08-14_09.32.57__YDXJ0218.jpg,164,324,246,271,sausage
188,train/Lodz-Tansmana-2-Zabka_ZAB000002-02-2-000002_hv648.smarteye_2_yi__2019-08-14_09.32.57__YDXJ0218.jpg,381,539,238,264,sausage
189,train/Lodz-Tansmana-2-Zabka_ZAB000002-02-2-000002_hv648.smarteye_2_yi__2019-08-14_09.32.57__YDXJ0218.jpg,164,320,272,297,sausage
190,train/Lodz-Tansmana-2-Zabka_ZAB000002-02-2-000002_hv648.smarteye_2_yi__2019-08-14_09.32.57__YDXJ0218.jpg,270,442,295,319,sausage
191,train/Lodz-Tansmana-2-Zabka_ZAB000002-02-2-000002_hv648.smarteye_2_yi__2019-08-14_09.32.57__YDXJ0218.jpg,209,375,321,347,sausage
192,train/Lodz-Tansmana-2-Zabka_ZAB000002-02-2-000002_hv648.smarteye_2_yi__2019-08-14_09.32.57__YDXJ0218.jpg,375,541,319,347,sausage
193,train/Lodz-Tansmana-2-Zabka_ZAB000002-02-2-000002_hv648.smarteye_2_yi__2019-08-14_09.32.57__YDXJ0218.jpg,195,361,350,375,sausage
194,train/Lodz-Tansmana-2-Zabka_ZAB000002-02-2-000002_hv648.smarteye_2_yi__2019-08-14_09.32.57__YDXJ0218.jpg,361,541,349,373,sausage
195,train/Lodz-Tansmana-2-Zabka_ZAB000002-02-2-000002_hv648.smarteye_2_yi__2019-08-14_09.32.57__YDXJ0218.jpg,205,375,350,373,sausage
196,train/Lodz-Tansmana-2-Zabka_ZAB000002-02-2-000002_hv648.smarteye_2_yi__2019-08-14_09.47.56__YDXJ0219.jpg,170,366,106,140,sausage
197,train/Lodz-Tansmana-2-Zabka_ZAB000002-02-2-000002_hv648.smarteye_2_yi__2019-08-14_09.47.56__YDXJ0219.jpg,366,544,85,132,sausage
198,train/Lodz-Tansmana-2-Zabka_ZAB000002-02-2-000002_hv648.smarteye_2_yi__2019-08-14_09.47.56__YDXJ0219.jpg,160,360,137,163,sausage
199,train/Lodz-Tansmana-2-Zabka_ZAB000002-02-2-000002_hv648.smarteye_2_yi__2019-08-14_09.47.56__YDXJ0219.jpg,364,528,130,158,sausage
200,train/Lodz-Tansmana-2-Zabka_ZAB000002-02-2-000002_hv648.smarteye_2_yi__2019-08-14_09.47.56__YDXJ0219.jpg,205,360,165,191,sausage
201,train/Lodz-Tansmana-2-Zabka_ZAB000002-02-2-000002_hv648.smarteye_2_yi__2019-08-14_09.47.56__YDXJ0219.jpg,373,538,156,183,sausage
202,train/Lodz-Tansmana-2-Zabka_ZAB000002-02-2-000002_hv648.smarteye_2_yi__2019-08-14_09.47.56__YDXJ0219.jpg,193,354,191,215,sausage
203,train/Lodz-Tansmana-2-Zabka_ZAB000002-02-2-000002_hv648.smarteye_2_yi__2019-08-14_09.47.56__YDXJ0219.jpg,368,542,181,210,sausage
204,train/Lodz-Tansmana-2-Zabka_ZAB000002-02-2-000002_hv648.smarteye_2_yi__2019-08-14_09.47.56__YDXJ0219.jpg,215,376,217,245,sausage
205,train/Lodz-Tansmana-2-Zabka_ZAB000002-02-2-000002_hv648.smarteye_2_yi__2019-08-14_09.47.56__YDXJ0219.jpg,375,538,210,238,sausage
206,train/Lodz-Tansmana-2-Zabka_ZAB000002-02-2-000002_hv648.smarteye_2_yi__2019-08-14_09.47.56__YDXJ0219.jpg,168,330,245,269,sausage
207,train/Lodz-Tansmana-2-Zabka_ZAB000002-02-2-000002_hv648.smarteye_2_yi__2019-08-14_09.47.56__YDXJ0219.jpg,180,338,271,295,sausage
208,train/Lodz-Tansmana-2-Zabka_ZAB000002-02-2-000002_hv648.smarteye_2_yi__2019-08-14_09.47.56__YDXJ0219.jpg,294,463,295,320,sausage
209,train/Lodz-Tansmana-2-Zabka_ZAB000002-02-2-000002_hv648.smarteye_2_yi__2019-08-14_09.47.56__YDXJ0219.jpg,217,378,323,348,sausage
210,train/Lodz-Tansmana-2-Zabka_ZAB000002-02-2-000002_hv648.smarteye_2_yi__2019-08-14_09.47.56__YDXJ0219.jpg,377,544,322,345,sausage
211,train/Lodz-Tansmana-2-Zabka_ZAB000002-02-2-000002_hv648.smarteye_2_yi__2019-08-14_09.47.56__YDXJ0219.jpg,205,368,351,377,sausage
212,train/Lodz-Tansmana-2-Zabka_ZAB000002-02-2-000002_hv648.smarteye_2_yi__2019-08-14_09.47.56__YDXJ0219.jpg,368,540,349,372,sausage
213,train/Lodz-Tansmana-2-Zabka_ZAB000002-02-2-000002_hv648.smarteye_2_yi__2019-08-14_10.03.08__YDXJ0220.jpg,169,366,106,139,sausage
214,train/Lodz-Tansmana-2-Zabka_ZAB000002-02-2-000002_hv648.smarteye_2_yi__2019-08-14_10.03.08__YDXJ0220.jpg,364,545,82,131,sausage
215,train/Lodz-Tansmana-2-Zabka_ZAB000002-02-2-000002_hv648.smarteye_2_yi__2019-08-14_10.03.08__YDXJ0220.jpg,159,362,133,164,sausage
216,train/Lodz-Tansmana-2-Zabka_ZAB000002-02-2-000002_hv648.smarteye_2_yi__2019-08-14_10.03.08__YDXJ0220.jpg,362,523,129,157,sausage
217,train/Lodz-Tansmana-2-Zabka_ZAB000002-02-2-000002_hv648.smarteye_2_yi__2019-08-14_10.03.08__YDXJ0220.jpg,218,370,164,189,sausage
218,train/Lodz-Tansmana-2-Zabka_ZAB000002-02-2-000002_hv648.smarteye_2_yi__2019-08-14_10.03.08__YDXJ0220.jpg,376,539,154,182,sausage
219,train/Lodz-Tansmana-2-Zabka_ZAB000002-02-2-000002_hv648.smarteye_2_yi__2019-08-14_10.03.08__YDXJ0220.jpg,197,360,190,217,sausage
220,train/Lodz-Tansmana-2-Zabka_ZAB000002-02-2-000002_hv648.smarteye_2_yi__2019-08-14_10.03.08__YDXJ0220.jpg,364,537,184,208,sausage
221,train/Lodz-Tansmana-2-Zabka_ZAB000002-02-2-000002_hv648.smarteye_2_yi__2019-08-14_10.03.08__YDXJ0220.jpg,236,394,213,241,sausage
222,train/Lodz-Tansmana-2-Zabka_ZAB000002-02-2-000002_hv648.smarteye_2_yi__2019-08-14_10.03.08__YDXJ0220.jpg,175,334,244,269,sausage
223,train/Lodz-Tansmana-2-Zabka_ZAB000002-02-2-000002_hv648.smarteye_2_yi__2019-08-14_10.03.08__YDXJ0220.jpg,199,354,271,296,sausage
224,train/Lodz-Tansmana-2-Zabka_ZAB000002-02-2-000002_hv648.smarteye_2_yi__2019-08-14_10.03.08__YDXJ0220.jpg,310,477,292,319,sausage
225,train/Lodz-Tansmana-2-Zabka_ZAB000002-02-2-000002_hv648.smarteye_2_yi__2019-08-14_10.03.08__YDXJ0220.jpg,216,380,323,348,sausage
226,train/Lodz-Tansmana-2-Zabka_ZAB000002-02-2-000002_hv648.smarteye_2_yi__2019-08-14_10.03.08__YDXJ0220.jpg,380,543,320,345,sausage
227,train/Lodz-Tansmana-2-Zabka_ZAB000002-02-2-000002_hv648.smarteye_2_yi__2019-08-14_10.03.08__YDXJ0220.jpg,210,374,350,375,sausage
228,train/Lodz-Tansmana-2-Zabka_ZAB000002-02-2-000002_hv648.smarteye_2_yi__2019-08-14_10.03.08__YDXJ0220.jpg,374,543,348,373,sausage
229,train/Lodz-Tansmana-2-Zabka_ZAB000002-02-2-000002_hv648.smarteye_2_yi__2019-08-14_11.34.36__YDXJ0221.jpg,177,366,109,138,sausage
230,train/Lodz-Tansmana-2-Zabka_ZAB000002-02-2-000002_hv648.smarteye_2_yi__2019-08-14_11.34.36__YDXJ0221.jpg,366,544,86,133,sausage
231,train/Lodz-Tansmana-2-Zabka_ZAB000002-02-2-000002_hv648.smarteye_2_yi__2019-08-14_11.34.36__YDXJ0221.jpg,161,358,138,164,sausage
232,train/Lodz-Tansmana-2-Zabka_ZAB000002-02-2-000002_hv648.smarteye_2_yi__2019-08-14_11.34.36__YDXJ0221.jpg,358,518,131,159,sausage
233,train/Lodz-Tansmana-2-Zabka_ZAB000002-02-2-000002_hv648.smarteye_2_yi__2019-08-14_11.34.36__YDXJ0221.jpg,173,327,166,190,sausage
234,train/Lodz-Tansmana-2-Zabka_ZAB000002-02-2-000002_hv648.smarteye_2_yi__2019-08-14_11.34.36__YDXJ0221.jpg,327,485,159,185,sausage
235,train/Lodz-Tansmana-2-Zabka_ZAB000002-02-2-000002_hv648.smarteye_2_yi__2019-08-14_11.34.36__YDXJ0221.jpg,175,325,192,216,sausage
236,train/Lodz-Tansmana-2-Zabka_ZAB000002-02-2-000002_hv648.smarteye_2_yi__2019-08-14_11.34.36__YDXJ0221.jpg,337,494,187,210,sausage
237,train/Lodz-Tansmana-2-Zabka_ZAB000002-02-2-000002_hv648.smarteye_2_yi__2019-08-14_11.34.36__YDXJ0221.jpg,205,358,216,242,sausage
238,train/Lodz-Tansmana-2-Zabka_ZAB000002-02-2-000002_hv648.smarteye_2_yi__2019-08-14_11.34.36__YDXJ0221.jpg,366,524,211,237,sausage
239,train/Lodz-Tansmana-2-Zabka_ZAB000002-02-2-000002_hv648.smarteye_2_yi__2019-08-14_11.34.36__YDXJ0221.jpg,167,321,244,268,sausage
240,train/Lodz-Tansmana-2-Zabka_ZAB000002-02-2-000002_hv648.smarteye_2_yi__2019-08-14_11.34.36__YDXJ0221.jpg,321,479,240,265,sausage
241,train/Lodz-Tansmana-2-Zabka_ZAB000002-02-2-000002_hv648.smarteye_2_yi__2019-08-14_11.34.36__YDXJ0221.jpg,356,524,266,291,sausage
242,train/Lodz-Tansmana-2-Zabka_ZAB000002-02-2-000002_hv648.smarteye_2_yi__2019-08-14_11.34.36__YDXJ0221.jpg,167,339,323,348,sausage
243,train/Lodz-Tansmana-2-Zabka_ZAB000002-02-2-000002_hv648.smarteye_2_yi__2019-08-14_11.34.36__YDXJ0221.jpg,356,538,320,346,sausage
244,train/Lodz-Tansmana-2-Zabka_ZAB000002-02-2-000002_hv648.smarteye_2_yi__2019-08-14_11.34.36__YDXJ0221.jpg,193,358,350,374,sausage
245,train/Lodz-Tansmana-2-Zabka_ZAB000002-02-2-000002_hv648.smarteye_2_yi__2019-08-14_11.34.36__YDXJ0221.jpg,358,540,350,372,sausage
246,train/Lodz-Tansmana-2-Zabka_ZAB000002-02-2-000002_hv648.smarteye_2_yi__2019-08-14_11.49.05__YDXJ0222.jpg,178,366,109,137,sausage
247,train/Lodz-Tansmana-2-Zabka_ZAB000002-02-2-000002_hv648.smarteye_2_yi__2019-08-14_11.49.05__YDXJ0222.jpg,368,546,83,132,sausage
248,train/Lodz-Tansmana-2-Zabka_ZAB000002-02-2-000002_hv648.smarteye_2_yi__2019-08-14_11.49.05__YDXJ0222.jpg,162,356,137,165,sausage
249,train/Lodz-Tansmana-2-Zabka_ZAB000002-02-2-000002_hv648.smarteye_2_yi__2019-08-14_11.49.05__YDXJ0222.jpg,358,518,130,157,sausage
250,train/Lodz-Tansmana-2-Zabka_ZAB000002-02-2-000002_hv648.smarteye_2_yi__2019-08-14_11.49.05__YDXJ0222.jpg,180,332,165,191,sausage
251,train/Lodz-Tansmana-2-Zabka_ZAB000002-02-2-000002_hv648.smarteye_2_yi__2019-08-14_11.49.05__YDXJ0222.jpg,334,492,160,184,sausage
252,train/Lodz-Tansmana-2-Zabka_ZAB000002-02-2-000002_hv648.smarteye_2_yi__2019-08-14_11.49.05__YDXJ0222.jpg,184,334,192,217,sausage
253,train/Lodz-Tansmana-2-Zabka_ZAB000002-02-2-000002_hv648.smarteye_2_yi__2019-08-14_11.49.05__YDXJ0222.jpg,342,502,186,209,sausage
254,train/Lodz-Tansmana-2-Zabka_ZAB000002-02-2-000002_hv648.smarteye_2_yi__2019-08-14_11.49.05__YDXJ0222.jpg,383,540,212,237,sausage
255,train/Lodz-Tansmana-2-Zabka_ZAB000002-02-2-000002_hv648.smarteye_2_yi__2019-08-14_11.49.05__YDXJ0222.jpg,229,382,217,240,sausage
256,train/Lodz-Tansmana-2-Zabka_ZAB000002-02-2-000002_hv648.smarteye_2_yi__2019-08-14_11.49.05__YDXJ0222.jpg,156,314,245,269,sausage
257,train/Lodz-Tansmana-2-Zabka_ZAB000002-02-2-000002_hv648.smarteye_2_yi__2019-08-14_11.49.05__YDXJ0222.jpg,320,477,240,264,sausage
258,train/Lodz-Tansmana-2-Zabka_ZAB000002-02-2-000002_hv648.smarteye_2_yi__2019-08-14_11.49.05__YDXJ0222.jpg,372,540,266,291,sausage
259,train/Lodz-Tansmana-2-Zabka_ZAB000002-02-2-000002_hv648.smarteye_2_yi__2019-08-14_11.49.05__YDXJ0222.jpg,358,540,318,345,sausage
260,train/Lodz-Tansmana-2-Zabka_ZAB000002-02-2-000002_hv648.smarteye_2_yi__2019-08-14_11.49.05__YDXJ0222.jpg,156,328,325,349,sausage
261,train/Lodz-Tansmana-2-Zabka_ZAB000002-02-2-000002_hv648.smarteye_2_yi__2019-08-14_11.49.05__YDXJ0222.jpg,195,360,349,376,sausage
262,train/Lodz-Tansmana-2-Zabka_ZAB000002-02-2-000002_hv648.smarteye_2_yi__2019-08-14_11.49.05__YDXJ0222.jpg,360,542,349,372,sausage
263,train/Lodz-Tansmana-2-Zabka_ZAB000002-02-2-000002_hv648.smarteye_2_yi__2019-08-14_12.03.29__YDXJ0223.jpg,176,367,106,141,sausage
264,train/Lodz-Tansmana-2-Zabka_ZAB000002-02-2-000002_hv648.smarteye_2_yi__2019-08-14_12.03.29__YDXJ0223.jpg,368,545,85,132,sausage
265,train/Lodz-Tansmana-2-Zabka_ZAB000002-02-2-000002_hv648.smarteye_2_yi__2019-08-14_12.03.29__YDXJ0223.jpg,160,357,137,167,sausage
266,train/Lodz-Tansmana-2-Zabka_ZAB000002-02-2-000002_hv648.smarteye_2_yi__2019-08-14_12.03.29__YDXJ0223.jpg,359,517,131,157,sausage
267,train/Lodz-Tansmana-2-Zabka_ZAB000002-02-2-000002_hv648.smarteye_2_yi__2019-08-14_12.03.29__YDXJ0223.jpg,186,337,165,191,sausage
268,train/Lodz-Tansmana-2-Zabka_ZAB000002-02-2-000002_hv648.smarteye_2_yi__2019-08-14_12.03.29__YDXJ0223.jpg,339,499,155,185,sausage
269,train/Lodz-Tansmana-2-Zabka_ZAB000002-02-2-000002_hv648.smarteye_2_yi__2019-08-14_12.03.29__YDXJ0223.jpg,192,345,190,218,sausage
270,train/Lodz-Tansmana-2-Zabka_ZAB000002-02-2-000002_hv648.smarteye_2_yi__2019-08-14_12.03.29__YDXJ0223.jpg,349,511,185,211,sausage
271,train/Lodz-Tansmana-2-Zabka_ZAB000002-02-2-000002_hv648.smarteye_2_yi__2019-08-14_12.03.29__YDXJ0223.jpg,228,382,217,240,sausage
272,train/Lodz-Tansmana-2-Zabka_ZAB000002-02-2-000002_hv648.smarteye_2_yi__2019-08-14_12.03.29__YDXJ0223.jpg,384,541,209,237,sausage
273,train/Lodz-Tansmana-2-Zabka_ZAB000002-02-2-000002_hv648.smarteye_2_yi__2019-08-14_12.03.29__YDXJ0223.jpg,156,309,245,272,sausage
274,train/Lodz-Tansmana-2-Zabka_ZAB000002-02-2-000002_hv648.smarteye_2_yi__2019-08-14_12.03.29__YDXJ0223.jpg,315,470,240,265,sausage
275,train/Lodz-Tansmana-2-Zabka_ZAB000002-02-2-000002_hv648.smarteye_2_yi__2019-08-14_12.03.29__YDXJ0223.jpg,376,541,267,291,sausage
276,train/Lodz-Tansmana-2-Zabka_ZAB000002-02-2-000002_hv648.smarteye_2_yi__2019-08-14_12.03.29__YDXJ0223.jpg,156,323,324,352,sausage
277,train/Lodz-Tansmana-2-Zabka_ZAB000002-02-2-000002_hv648.smarteye_2_yi__2019-08-14_12.03.29__YDXJ0223.jpg,353,535,319,345,sausage
278,train/Lodz-Tansmana-2-Zabka_ZAB000002-02-2-000002_hv648.smarteye_2_yi__2019-08-14_12.03.29__YDXJ0223.jpg,196,363,352,378,sausage
279,train/Lodz-Tansmana-2-Zabka_ZAB000002-02-2-000002_hv648.smarteye_2_yi__2019-08-14_12.03.29__YDXJ0223.jpg,360,543,349,375,sausage
280,train/Lodz-Wapienna-42-Zabka_ZAB000001-01-3-000001_hv643.smarteye_3_yi__2019-08-07_07.03.33__YDXJ0837.jpg,126,221,162,177,sausage
281,train/Lodz-Wapienna-42-Zabka_ZAB000001-01-3-000001_hv643.smarteye_3_yi__2019-08-07_07.03.33__YDXJ0837.jpg,125,223,177,190,sausage
282,train/Lodz-Wapienna-42-Zabka_ZAB000001-01-3-000001_hv643.smarteye_3_yi__2019-08-07_07.03.33__YDXJ0837.jpg,125,227,190,204,sausage
283,train/Lodz-Wapienna-42-Zabka_ZAB000001-01-3-000001_hv643.smarteye_3_yi__2019-08-07_07.03.33__YDXJ0837.jpg,169,302,217,232,sausage
284,train/Lodz-Wapienna-42-Zabka_ZAB000001-01-3-000001_hv643.smarteye_3_yi__2019-08-07_07.03.33__YDXJ0837.jpg,267,390,193,216,sausage
285,train/Lodz-Wapienna-42-Zabka_ZAB000001-01-3-000001_hv643.smarteye_3_yi__2019-08-07_07.03.33__YDXJ0837.jpg,257,388,165,189,sausage
286,train/Lodz-Wapienna-42-Zabka_ZAB000001-01-3-000001_hv643.smarteye_3_yi__2019-08-07_07.03.33__YDXJ0837.jpg,136,264,231,245,sausage
287,train/Lodz-Wapienna-42-Zabka_ZAB000001-01-3-000001_hv643.smarteye_3_yi__2019-08-07_07.03.33__YDXJ0837.jpg,263,390,223,247,sausage
288,train/Lodz-Wapienna-42-Zabka_ZAB000001-01-3-000001_hv643.smarteye_3_yi__2019-08-07_07.03.33__YDXJ0837.jpg,122,257,246,262,sausage
289,train/Lodz-Wapienna-42-Zabka_ZAB000001-01-3-000001_hv643.smarteye_3_yi__2019-08-07_07.03.33__YDXJ0837.jpg,151,260,261,275,sausage
290,train/Lodz-Wapienna-42-Zabka_ZAB000001-01-3-000001_hv643.smarteye_3_yi__2019-08-07_07.03.33__YDXJ0837.jpg,124,231,277,289,sausage
291,train/Lodz-Wapienna-42-Zabka_ZAB000001-01-3-000001_hv643.smarteye_3_yi__2019-08-07_10.04.01__YDXJ0838.jpg,129,220,163,177,sausage
292,train/Lodz-Wapienna-42-Zabka_ZAB000001-01-3-000001_hv643.smarteye_3_yi__2019-08-07_10.04.01__YDXJ0838.jpg,261,389,167,190,sausage
293,train/Lodz-Wapienna-42-Zabka_ZAB000001-01-3-000001_hv643.smarteye_3_yi__2019-08-07_10.04.01__YDXJ0838.jpg,263,389,194,219,sausage
294,train/Lodz-Wapienna-42-Zabka_ZAB000001-01-3-000001_hv643.smarteye_3_yi__2019-08-07_10.04.01__YDXJ0838.jpg,254,384,226,250,sausage
295,train/Lodz-Wapienna-42-Zabka_ZAB000001-01-3-000001_hv643.smarteye_3_yi__2019-08-07_10.04.01__YDXJ0838.jpg,131,254,230,247,sausage
296,train/Lodz-Wapienna-42-Zabka_ZAB000001-01-3-000001_hv643.smarteye_3_yi__2019-08-07_10.04.01__YDXJ0838.jpg,124,253,246,261,sausage
297,train/Lodz-Wapienna-42-Zabka_ZAB000001-01-3-000001_hv643.smarteye_3_yi__2019-08-07_10.04.01__YDXJ0838.jpg,147,251,203,219,sausage
298,train/Lodz-Wapienna-42-Zabka_ZAB000001-01-3-000001_hv643.smarteye_3_yi__2019-08-07_10.04.01__YDXJ0838.jpg,126,220,176,190,sausage
299,train/Lodz-Wapienna-42-Zabka_ZAB000001-01-3-000001_hv643.smarteye_3_yi__2019-08-07_10.04.01__YDXJ0838.jpg,124,227,276,290,sausage
300,train/Lodz-Wapienna-42-Zabka_ZAB000001-01-3-000001_hv643.smarteye_3_yi__2019-08-08_04.35.50__YDXJ0842.jpg,138,273,181,204,sausage
301,train/Lodz-Wapienna-42-Zabka_ZAB000001-01-3-000001_hv643.smarteye_3_yi__2019-08-08_04.35.50__YDXJ0842.jpg,245,384,202,218,sausage
302,train/Lodz-Wapienna-42-Zabka_ZAB000001-01-3-000001_hv643.smarteye_3_yi__2019-08-08_04.35.50__YDXJ0842.jpg,133,254,208,232,sausage
303,train/Lodz-Wapienna-42-Zabka_ZAB000001-01-3-000001_hv643.smarteye_3_yi__2019-08-08_04.35.50__YDXJ0842.jpg,240,382,231,248,sausage
304,train/Lodz-Wapienna-42-Zabka_ZAB000001-01-3-000001_hv643.smarteye_3_yi__2019-08-08_04.35.50__YDXJ0842.jpg,126,263,244,261,sausage
305,train/Lodz-Wapienna-42-Zabka_ZAB000001-01-3-000001_hv643.smarteye_3_yi__2019-08-08_04.35.50__YDXJ0842.jpg,131,266,259,275,sausage
306,train/Lodz-Wapienna-42-Zabka_ZAB000001-01-3-000001_hv643.smarteye_3_yi__2019-08-08_07.06.45__YDXJ0843.jpg,142,273,180,206,sausage
307,train/Lodz-Wapienna-42-Zabka_ZAB000001-01-3-000001_hv643.smarteye_3_yi__2019-08-08_07.06.45__YDXJ0843.jpg,244,382,200,217,sausage
308,train/Lodz-Wapienna-42-Zabka_ZAB000001-01-3-000001_hv643.smarteye_3_yi__2019-08-08_07.06.45__YDXJ0843.jpg,147,268,208,232,sausage
309,train/Lodz-Wapienna-42-Zabka_ZAB000001-01-3-000001_hv643.smarteye_3_yi__2019-08-08_07.06.45__YDXJ0843.jpg,232,371,229,246,sausage
310,train/Lodz-Wapienna-42-Zabka_ZAB000001-01-3-000001_hv643.smarteye_3_yi__2019-08-08_07.06.45__YDXJ0843.jpg,139,268,244,262,sausage
311,train/Lodz-Wapienna-42-Zabka_ZAB000001-01-3-000001_hv643.smarteye_3_yi__2019-08-08_07.06.45__YDXJ0843.jpg,147,280,260,277,sausage
312,train/Lodz-Wapienna-42-Zabka_ZAB000001-01-3-000001_hv643.smarteye_3_yi__2019-08-08_10.07.38__YDXJ0844.jpg,131,249,163,191,sausage
313,train/Lodz-Wapienna-42-Zabka_ZAB000001-01-3-000001_hv643.smarteye_3_yi__2019-08-08_10.07.38__YDXJ0844.jpg,252,357,176,190,sausage
314,train/Lodz-Wapienna-42-Zabka_ZAB000001-01-3-000001_hv643.smarteye_3_yi__2019-08-08_10.07.38__YDXJ0844.jpg,236,345,190,204,sausage
315,train/Lodz-Wapienna-42-Zabka_ZAB000001-01-3-000001_hv643.smarteye_3_yi__2019-08-08_10.07.38__YDXJ0844.jpg,269,379,204,221,sausage
316,train/Lodz-Wapienna-42-Zabka_ZAB000001-01-3-000001_hv643.smarteye_3_yi__2019-08-08_10.07.38__YDXJ0844.jpg,143,266,214,231,sausage
317,train/Lodz-Wapienna-42-Zabka_ZAB000001-01-3-000001_hv643.smarteye_3_yi__2019-08-08_10.07.38__YDXJ0844.jpg,128,251,228,246,sausage
318,train/Lodz-Wapienna-42-Zabka_ZAB000001-01-3-000001_hv643.smarteye_3_yi__2019-08-08_10.07.38__YDXJ0844.jpg,126,249,242,260,sausage
319,train/Lodz-Wapienna-42-Zabka_ZAB000001-01-3-000001_hv643.smarteye_3_yi__2019-08-08_12.03.32__YDXJ0845.jpg,128,242,164,190,sausage
320,train/Lodz-Wapienna-42-Zabka_ZAB000001-01-3-000001_hv643.smarteye_3_yi__2019-08-08_12.03.32__YDXJ0845.jpg,246,359,174,190,sausage
321,train/Lodz-Wapienna-42-Zabka_ZAB000001-01-3-000001_hv643.smarteye_3_yi__2019-08-08_12.03.32__YDXJ0845.jpg,222,331,188,204,sausage
322,train/Lodz-Wapienna-42-Zabka_ZAB000001-01-3-000001_hv643.smarteye_3_yi__2019-08-08_12.03.32__YDXJ0845.jpg,273,384,203,219,sausage
323,train/Lodz-Wapienna-42-Zabka_ZAB000001-01-3-000001_hv643.smarteye_3_yi__2019-08-08_12.03.32__YDXJ0845.jpg,150,273,201,217,sausage
324,train/Lodz-Wapienna-42-Zabka_ZAB000001-01-3-000001_hv643.smarteye_3_yi__2019-08-08_12.03.32__YDXJ0845.jpg,138,268,216,233,sausage
325,train/Lodz-Wapienna-42-Zabka_ZAB000001-01-3-000001_hv643.smarteye_3_yi__2019-08-08_12.03.32__YDXJ0845.jpg,247,353,233,247,sausage
326,train/Lodz-Wapienna-42-Zabka_ZAB000001-01-3-000001_hv643.smarteye_3_yi__2019-08-08_12.03.32__YDXJ0845.jpg,126,247,231,247,sausage
327,train/Lodz-Wapienna-42-Zabka_ZAB000001-01-3-000001_hv643.smarteye_3_yi__2019-08-08_12.03.32__YDXJ0845.jpg,124,253,246,263,sausage
328,train/Lodz-Wapienna-42-Zabka_ZAB000001-01-3-000001_hv643.smarteye_3_yi__2019-08-08_12.03.32__YDXJ0845.jpg,252,365,247,263,sausage
329,train/Lodz-Wapienna-42-Zabka_ZAB000001-01-3-000001_hv643.smarteye_3_yi__2019-08-08_12.03.32__YDXJ0845.jpg,259,381,261,277,sausage
330,train/Lodz-Wapienna-42-Zabka_ZAB000001-01-3-000001_hv643.smarteye_3_yi__2019-08-08_15.07.07__YDXJ0846.jpg,130,245,165,190,sausage
331,train/Lodz-Wapienna-42-Zabka_ZAB000001-01-3-000001_hv643.smarteye_3_yi__2019-08-08_15.07.07__YDXJ0846.jpg,267,378,174,190,sausage
332,train/Lodz-Wapienna-42-Zabka_ZAB000001-01-3-000001_hv643.smarteye_3_yi__2019-08-08_15.07.07__YDXJ0846.jpg,274,381,189,202,sausage
333,train/Lodz-Wapienna-42-Zabka_ZAB000001-01-3-000001_hv643.smarteye_3_yi__2019-08-08_15.07.07__YDXJ0846.jpg,257,386,202,218,sausage
334,train/Lodz-Wapienna-42-Zabka_ZAB000001-01-3-000001_hv643.smarteye_3_yi__2019-08-08_15.07.07__YDXJ0846.jpg,133,257,199,216,sausage
335,train/Lodz-Wapienna-42-Zabka_ZAB000001-01-3-000001_hv643.smarteye_3_yi__2019-08-08_15.07.07__YDXJ0846.jpg,140,262,215,232,sausage
336,train/Lodz-Wapienna-42-Zabka_ZAB000001-01-3-000001_hv643.smarteye_3_yi__2019-08-08_15.07.07__YDXJ0846.jpg,128,254,228,246,sausage
337,train/Lodz-Wapienna-42-Zabka_ZAB000001-01-3-000001_hv643.smarteye_3_yi__2019-08-08_15.07.07__YDXJ0846.jpg,267,378,232,249,sausage
338,train/Lodz-Wapienna-42-Zabka_ZAB000001-01-3-000001_hv643.smarteye_3_yi__2019-08-08_15.07.07__YDXJ0846.jpg,135,261,245,262,sausage
339,train/Lodz-Wapienna-42-Zabka_ZAB000001-01-3-000001_hv643.smarteye_3_yi__2019-08-08_15.07.07__YDXJ0846.jpg,152,254,260,276,sausage
340,train/Lodz-Wapienna-42-Zabka_ZAB000001-01-3-000001_hv643.smarteye_3_yi__2019-08-08_15.07.07__YDXJ0846.jpg,274,388,263,279,sausage
341,train/Lodz-Wapienna-42-Zabka_ZAB000001-01-3-000001_hv643.smarteye_3_yi__2019-08-08_15.07.07__YDXJ0846.jpg,279,384,247,262,sausage
342,train/Lodz-Wapienna-42-Zabka_ZAB000001-01-3-000001_hv643.smarteye_3_yi__2019-08-08_19.08.07__YDXJ0847.jpg,129,255,200,217,sausage
343,train/Lodz-Wapienna-42-Zabka_ZAB000001-01-3-000001_hv643.smarteye_3_yi__2019-08-08_19.08.07__YDXJ0847.jpg,142,253,230,246,sausage
344,train/Lodz-Wapienna-42-Zabka_ZAB000001-01-3-000001_hv643.smarteye_3_yi__2019-08-08_19.08.07__YDXJ0847.jpg,246,359,246,263,sausage
345,train/Lodz-Wapienna-42-Zabka_ZAB000001-01-3-000001_hv643.smarteye_3_yi__2019-08-08_19.08.07__YDXJ0847.jpg,127,234,260,277,sausage
346,train/Lodz-Wapienna-42-Zabka_ZAB000001-01-3-000001_hv643.smarteye_3_yi__2019-08-09_04.34.19__YDXJ0848.jpg,127,228,256,273,sausage
347,train/Lodz-Wapienna-42-Zabka_ZAB000001-01-3-000001_hv643.smarteye_3_yi__2019-08-09_04.34.19__YDXJ0848.jpg,131,242,242,259,sausage
348,train/Lodz-Wapienna-42-Zabka_ZAB000001-01-3-000001_hv643.smarteye_3_yi__2019-08-09_04.34.19__YDXJ0848.jpg,131,240,228,245,sausage
349,train/Lodz-Wapienna-42-Zabka_ZAB000001-01-3-000001_hv643.smarteye_3_yi__2019-08-09_04.34.19__YDXJ0848.jpg,131,238,214,230,sausage
350,train/Lodz-Wapienna-42-Zabka_ZAB000001-01-3-000001_hv643.smarteye_3_yi__2019-08-09_04.34.19__YDXJ0848.jpg,141,252,202,216,sausage
351,train/Lodz-Wapienna-42-Zabka_ZAB000001-01-3-000001_hv643.smarteye_3_yi__2019-08-09_04.34.19__YDXJ0848.jpg,142,248,188,203,sausage
352,train/Lodz-Wapienna-42-Zabka_ZAB000001-01-3-000001_hv643.smarteye_3_yi__2019-08-09_04.34.19__YDXJ0848.jpg,248,378,172,189,sausage
353,train/Lodz-Wapienna-42-Zabka_ZAB000001-01-3-000001_hv643.smarteye_3_yi__2019-08-09_04.34.19__YDXJ0848.jpg,251,381,188,205,sausage
354,train/Lodz-Wapienna-42-Zabka_ZAB000001-01-3-000001_hv643.smarteye_3_yi__2019-08-09_04.34.19__YDXJ0848.jpg,250,383,202,217,sausage
355,train/Lodz-Wapienna-42-Zabka_ZAB000001-01-3-000001_hv643.smarteye_3_yi__2019-08-09_04.34.19__YDXJ0848.jpg,238,376,216,233,sausage
356,train/Lodz-Wapienna-42-Zabka_ZAB000001-01-3-000001_hv643.smarteye_3_yi__2019-08-09_04.34.19__YDXJ0848.jpg,240,378,231,247,sausage
357,train/Lodz-Wapienna-42-Zabka_ZAB000001-01-3-000001_hv643.smarteye_3_yi__2019-08-09_04.34.19__YDXJ0848.jpg,243,378,245,262,sausage
358,train/Lodz-Wapienna-42-Zabka_ZAB000001-01-3-000001_hv643.smarteye_3_yi__2019-08-09_07.05.15__YDXJ0849.jpg,256,381,203,217,sausage
359,train/Lodz-Wapienna-42-Zabka_ZAB000001-01-3-000001_hv643.smarteye_3_yi__2019-08-09_07.05.15__YDXJ0849.jpg,257,382,187,201,sausage
360,train/Lodz-Wapienna-42-Zabka_ZAB000001-01-3-000001_hv643.smarteye_3_yi__2019-08-09_07.05.15__YDXJ0849.jpg,252,377,173,189,sausage
361,train/Lodz-Wapienna-42-Zabka_ZAB000001-01-3-000001_hv643.smarteye_3_yi__2019-08-09_07.05.15__YDXJ0849.jpg,139,242,187,203,sausage
362,train/Lodz-Wapienna-42-Zabka_ZAB000001-01-3-000001_hv643.smarteye_3_yi__2019-08-09_07.05.15__YDXJ0849.jpg,148,256,203,217,sausage
363,train/Lodz-Wapienna-42-Zabka_ZAB000001-01-3-000001_hv643.smarteye_3_yi__2019-08-09_07.05.15__YDXJ0849.jpg,128,232,215,229,sausage
364,train/Lodz-Wapienna-42-Zabka_ZAB000001-01-3-000001_hv643.smarteye_3_yi__2019-08-09_07.05.15__YDXJ0849.jpg,134,234,229,245,sausage
365,train/Lodz-Wapienna-42-Zabka_ZAB000001-01-3-000001_hv643.smarteye_3_yi__2019-08-09_07.05.15__YDXJ0849.jpg,133,236,243,260,sausage
366,train/Lodz-Wapienna-42-Zabka_ZAB000001-01-3-000001_hv643.smarteye_3_yi__2019-08-09_07.05.15__YDXJ0849.jpg,128,224,259,274,sausage
367,train/Lodz-Wapienna-42-Zabka_ZAB000001-01-3-000001_hv643.smarteye_3_yi__2019-08-09_12.06.57__YDXJ0851.jpg,250,372,188,202,sausage
368,train/Lodz-Wapienna-42-Zabka_ZAB000001-01-3-000001_hv643.smarteye_3_yi__2019-08-09_12.06.57__YDXJ0851.jpg,247,382,216,232,sausage
369,train/Lodz-Wapienna-42-Zabka_ZAB000001-01-3-000001_hv643.smarteye_3_yi__2019-08-09_12.06.57__YDXJ0851.jpg,235,365,232,246,sausage
370,train/Lodz-Wapienna-42-Zabka_ZAB000001-01-3-000001_hv643.smarteye_3_yi__2019-08-09_12.06.57__YDXJ0851.jpg,149,252,244,260,sausage
371,train/Lodz-Wapienna-42-Zabka_ZAB000001-01-3-000001_hv643.smarteye_3_yi__2019-08-09_12.06.57__YDXJ0851.jpg,131,230,230,244,sausage
372,train/Lodz-Wapienna-42-Zabka_ZAB000001-01-3-000001_hv643.smarteye_3_yi__2019-08-09_12.06.57__YDXJ0851.jpg,136,235,215,229,sausage
373,train/Lodz-Wapienna-42-Zabka_ZAB000001-01-3-000001_hv643.smarteye_3_yi__2019-08-09_12.06.57__YDXJ0851.jpg,156,266,202,216,sausage
374,train/Lodz-Wapienna-42-Zabka_ZAB000001-01-3-000001_hv643.smarteye_3_yi__2019-08-09_12.06.57__YDXJ0851.jpg,149,250,188,201,sausage
375,train/Lodz-Wapienna-42-Zabka_ZAB000001-01-3-000001_hv643.smarteye_3_yi__2019-08-09_15.07.56__YDXJ0852.jpg,126,250,186,202,sausage
376,train/Lodz-Wapienna-42-Zabka_ZAB000001-01-3-000001_hv643.smarteye_3_yi__2019-08-09_15.07.56__YDXJ0852.jpg,241,373,213,230,sausage
377,train/Lodz-Wapienna-42-Zabka_ZAB000001-01-3-000001_hv643.smarteye_3_yi__2019-08-09_15.07.56__YDXJ0852.jpg,275,387,246,262,sausage
378,train/Lodz-Wapienna-42-Zabka_ZAB000001-01-3-000001_hv643.smarteye_3_yi__2019-08-09_15.07.56__YDXJ0852.jpg,142,270,272,292,sausage
379,train/Lodz-Wapienna-42-Zabka_ZAB000001-01-3-000001_hv643.smarteye_3_yi__2019-08-09_15.07.56__YDXJ0852.jpg,157,287,257,276,sausage
380,train/Lodz-Wapienna-42-Zabka_ZAB000001-01-3-000001_hv643.smarteye_3_yi__2019-08-09_15.07.56__YDXJ0852.jpg,128,253,243,259,sausage
381,train/Lodz-Wapienna-42-Zabka_ZAB000001-01-3-000001_hv643.smarteye_3_yi__2019-08-09_15.07.56__YDXJ0852.jpg,145,274,227,243,sausage
382,train/Lodz-Wapienna-42-Zabka_ZAB000001-01-3-000001_hv643.smarteye_3_yi__2019-08-09_15.07.56__YDXJ0852.jpg,126,253,202,215,sausage
383,train/Lodz-Wapienna-42-Zabka_ZAB000001-01-3-000001_hv643.smarteye_3_yi__2019-08-09_19.03.56__YDXJ0853.jpg,151,260,215,232,sausage
384,train/Lodz-Wapienna-42-Zabka_ZAB000001-01-3-000001_hv643.smarteye_3_yi__2019-08-10_04.35.40__YDXJ0854.jpg,124,238,186,199,sausage
385,train/Lodz-Wapienna-42-Zabka_ZAB000001-01-3-000001_hv643.smarteye_3_yi__2019-08-10_04.35.40__YDXJ0854.jpg,134,244,200,213,sausage
386,train/Lodz-Wapienna-42-Zabka_ZAB000001-01-3-000001_hv643.smarteye_3_yi__2019-08-10_04.35.40__YDXJ0854.jpg,128,238,214,227,sausage
387,train/Lodz-Wapienna-42-Zabka_ZAB000001-01-3-000001_hv643.smarteye_3_yi__2019-08-10_04.35.40__YDXJ0854.jpg,131,239,227,244,sausage
388,train/Lodz-Wapienna-42-Zabka_ZAB000001-01-3-000001_hv643.smarteye_3_yi__2019-08-10_04.35.40__YDXJ0854.jpg,249,361,198,213,sausage
389,train/Lodz-Wapienna-42-Zabka_ZAB000001-01-3-000001_hv643.smarteye_3_yi__2019-08-10_04.35.40__YDXJ0854.jpg,237,351,213,228,sausage
390,train/Lodz-Wapienna-42-Zabka_ZAB000001-01-3-000001_hv643.smarteye_3_yi__2019-08-10_04.35.40__YDXJ0854.jpg,259,374,227,242,sausage
391,train/Lodz-Wapienna-42-Zabka_ZAB000001-01-3-000001_hv643.smarteye_3_yi__2019-08-10_04.35.40__YDXJ0854.jpg,253,364,242,258,sausage
392,train/Lodz-Wapienna-42-Zabka_ZAB000001-01-3-000001_hv643.smarteye_3_yi__2019-08-10_07.06.28__YDXJ0855.jpg,259,373,242,257,sausage
393,train/Lodz-Wapienna-42-Zabka_ZAB000001-01-3-000001_hv643.smarteye_3_yi__2019-08-10_07.06.28__YDXJ0855.jpg,259,366,228,241,sausage
394,train/Lodz-Wapienna-42-Zabka_ZAB000001-01-3-000001_hv643.smarteye_3_yi__2019-08-10_07.06.28__YDXJ0855.jpg,256,363,212,228,sausage
395,train/Lodz-Wapienna-42-Zabka_ZAB000001-01-3-000001_hv643.smarteye_3_yi__2019-08-10_07.06.28__YDXJ0855.jpg,263,373,198,212,sausage
396,train/Lodz-Wapienna-42-Zabka_ZAB000001-01-3-000001_hv643.smarteye_3_yi__2019-08-10_07.06.28__YDXJ0855.jpg,144,254,229,244,sausage
397,train/Lodz-Wapienna-42-Zabka_ZAB000001-01-3-000001_hv643.smarteye_3_yi__2019-08-10_07.06.28__YDXJ0855.jpg,138,251,214,228,sausage
398,train/Lodz-Wapienna-42-Zabka_ZAB000001-01-3-000001_hv643.smarteye_3_yi__2019-08-10_07.06.28__YDXJ0855.jpg,142,252,201,214,sausage
399,train/Lodz-Wapienna-42-Zabka_ZAB000001-01-3-000001_hv643.smarteye_3_yi__2019-08-10_07.06.28__YDXJ0855.jpg,125,239,188,201,sausage
400,train/Lodz-Wapienna-42-Zabka_ZAB000001-01-3-000001_hv643.smarteye_3_yi__2019-08-10_10.07.26__YDXJ0856.jpg,134,240,200,214,sausage
401,train/Lodz-Wapienna-42-Zabka_ZAB000001-01-3-000001_hv643.smarteye_3_yi__2019-08-10_10.07.26__YDXJ0856.jpg,144,247,213,228,sausage
402,train/Lodz-Wapienna-42-Zabka_ZAB000001-01-3-000001_hv643.smarteye_3_yi__2019-08-10_10.07.26__YDXJ0856.jpg,130,234,228,241,sausage
403,train/Lodz-Wapienna-42-Zabka_ZAB000001-01-3-000001_hv643.smarteye_3_yi__2019-08-10_10.07.26__YDXJ0856.jpg,267,379,199,212,sausage
404,train/Lodz-Wapienna-42-Zabka_ZAB000001-01-3-000001_hv643.smarteye_3_yi__2019-08-10_10.07.26__YDXJ0856.jpg,271,377,213,227,sausage
405,train/Lodz-Wapienna-42-Zabka_ZAB000001-01-3-000001_hv643.smarteye_3_yi__2019-08-10_10.07.26__YDXJ0856.jpg,257,360,228,241,sausage
406,train/Lodz-Wapienna-42-Zabka_ZAB000001-01-3-000001_hv643.smarteye_3_yi__2019-08-10_10.07.26__YDXJ0856.jpg,259,364,242,257,sausage
407,train/Lodz-Wapienna-42-Zabka_ZAB000001-01-3-000001_hv643.smarteye_3_yi__2019-08-10_12.03.33__YDXJ0857.jpg,127,232,160,172,sausage
408,train/Lodz-Wapienna-42-Zabka_ZAB000001-01-3-000001_hv643.smarteye_3_yi__2019-08-10_12.03.33__YDXJ0857.jpg,270,369,171,184,sausage
409,train/Lodz-Wapienna-42-Zabka_ZAB000001-01-3-000001_hv643.smarteye_3_yi__2019-08-10_12.03.33__YDXJ0857.jpg,268,376,184,197,sausage
410,train/Lodz-Wapienna-42-Zabka_ZAB000001-01-3-000001_hv643.smarteye_3_yi__2019-08-10_12.03.33__YDXJ0857.jpg,273,379,198,212,sausage
411,train/Lodz-Wapienna-42-Zabka_ZAB000001-01-3-000001_hv643.smarteye_3_yi__2019-08-10_12.03.33__YDXJ0857.jpg,275,381,214,228,sausage
412,train/Lodz-Wapienna-42-Zabka_ZAB000001-01-3-000001_hv643.smarteye_3_yi__2019-08-10_12.03.33__YDXJ0857.jpg,127,232,258,272,sausage
413,train/Lodz-Wapienna-42-Zabka_ZAB000001-01-3-000001_hv643.smarteye_3_yi__2019-08-10_12.03.33__YDXJ0857.jpg,125,232,242,256,sausage
414,train/Lodz-Wapienna-42-Zabka_ZAB000001-01-3-000001_hv643.smarteye_3_yi__2019-08-10_12.03.33__YDXJ0857.jpg,127,234,228,242,sausage
415,train/Lodz-Wapienna-42-Zabka_ZAB000001-01-3-000001_hv643.smarteye_3_yi__2019-08-10_12.03.33__YDXJ0857.jpg,142,255,215,228,sausage
416,train/Lodz-Wapienna-42-Zabka_ZAB000001-01-3-000001_hv643.smarteye_3_yi__2019-08-10_12.03.33__YDXJ0857.jpg,156,261,201,214,sausage
417,train/Lodz-Wapienna-42-Zabka_ZAB000001-01-3-000001_hv643.smarteye_3_yi__2019-08-10_12.03.33__YDXJ0857.jpg,125,234,187,199,sausage
418,train/Lodz-Wapienna-42-Zabka_ZAB000001-01-3-000001_hv643.smarteye_3_yi__2019-08-10_12.03.33__YDXJ0857.jpg,127,236,172,184,sausage
419,train/Lodz-Wapienna-42-Zabka_ZAB000001-01-3-000001_hv643.smarteye_3_yi__2019-08-10_15.04.31__YDXJ0858.jpg,125,223,158,173,sausage
420,train/Lodz-Wapienna-42-Zabka_ZAB000001-01-3-000001_hv643.smarteye_3_yi__2019-08-10_15.04.31__YDXJ0858.jpg,263,364,170,183,sausage
421,train/Lodz-Wapienna-42-Zabka_ZAB000001-01-3-000001_hv643.smarteye_3_yi__2019-08-10_15.04.31__YDXJ0858.jpg,270,376,184,197,sausage
422,train/Lodz-Wapienna-42-Zabka_ZAB000001-01-3-000001_hv643.smarteye_3_yi__2019-08-10_15.04.31__YDXJ0858.jpg,274,378,198,211,sausage
423,train/Lodz-Wapienna-42-Zabka_ZAB000001-01-3-000001_hv643.smarteye_3_yi__2019-08-10_15.04.31__YDXJ0858.jpg,269,373,213,227,sausage
424,train/Lodz-Wapienna-42-Zabka_ZAB000001-01-3-000001_hv643.smarteye_3_yi__2019-08-10_15.04.31__YDXJ0858.jpg,127,229,174,186,sausage
425,train/Lodz-Wapienna-42-Zabka_ZAB000001-01-3-000001_hv643.smarteye_3_yi__2019-08-10_15.04.31__YDXJ0858.jpg,125,228,187,201,sausage
426,train/Lodz-Wapienna-42-Zabka_ZAB000001-01-3-000001_hv643.smarteye_3_yi__2019-08-10_15.04.31__YDXJ0858.jpg,134,233,244,258,sausage
427,train/Lodz-Wapienna-42-Zabka_ZAB000001-01-3-000001_hv643.smarteye_3_yi__2019-08-10_15.04.31__YDXJ0858.jpg,132,236,258,273,sausage
428,train/Lodz-Wapienna-42-Zabka_ZAB000001-01-3-000001_hv643.smarteye_3_yi__2019-08-10_19.05.21__YDXJ0859.jpg,131,228,186,200,sausage
429,train/Lodz-Wapienna-42-Zabka_ZAB000001-01-3-000001_hv643.smarteye_3_yi__2019-08-11_10.03.18__YDXJ0862.jpg,132,260,170,186,sausage
430,train/Lodz-Wapienna-42-Zabka_ZAB000001-01-3-000001_hv643.smarteye_3_yi__2019-08-11_10.03.18__YDXJ0862.jpg,130,259,197,214,sausage
431,train/Lodz-Wapienna-42-Zabka_ZAB000001-01-3-000001_hv643.smarteye_3_yi__2019-08-11_10.03.18__YDXJ0862.jpg,137,240,213,227,sausage
432,train/Lodz-Wapienna-42-Zabka_ZAB000001-01-3-000001_hv643.smarteye_3_yi__2019-08-11_10.03.18__YDXJ0862.jpg,130,225,227,242,sausage
433,train/Lodz-Wapienna-42-Zabka_ZAB000001-01-3-000001_hv643.smarteye_3_yi__2019-08-11_10.03.18__YDXJ0862.jpg,142,249,242,255,sausage
434,train/Lodz-Wapienna-42-Zabka_ZAB000001-01-3-000001_hv643.smarteye_3_yi__2019-08-11_10.03.18__YDXJ0862.jpg,132,235,256,270,sausage
435,train/Lodz-Wapienna-42-Zabka_ZAB000001-01-3-000001_hv643.smarteye_3_yi__2019-08-11_10.03.18__YDXJ0862.jpg,240,348,256,273,sausage
436,train/Lodz-Wapienna-42-Zabka_ZAB000001-01-3-000001_hv643.smarteye_3_yi__2019-08-11_10.03.18__YDXJ0862.jpg,240,352,272,289,sausage
437,train/Lodz-Wapienna-42-Zabka_ZAB000001-01-3-000001_hv643.smarteye_3_yi__2019-08-11_10.03.18__YDXJ0862.jpg,137,240,270,286,sausage
438,train/Lodz-Wapienna-42-Zabka_ZAB000001-01-3-000001_hv643.smarteye_3_yi__2019-08-11_12.04.11__YDXJ0863.jpg,132,232,172,187,sausage
439,train/Lodz-Wapienna-42-Zabka_ZAB000001-01-3-000001_hv643.smarteye_3_yi__2019-08-11_12.04.11__YDXJ0863.jpg,236,372,168,182,sausage
440,train/Lodz-Wapienna-42-Zabka_ZAB000001-01-3-000001_hv643.smarteye_3_yi__2019-08-11_12.04.11__YDXJ0863.jpg,229,360,185,199,sausage
441,train/Lodz-Wapienna-42-Zabka_ZAB000001-01-3-000001_hv643.smarteye_3_yi__2019-08-11_12.04.11__YDXJ0863.jpg,123,231,186,199,sausage
442,train/Lodz-Wapienna-42-Zabka_ZAB000001-01-3-000001_hv643.smarteye_3_yi__2019-08-11_12.04.11__YDXJ0863.jpg,125,224,213,228,sausage
443,train/Lodz-Wapienna-42-Zabka_ZAB000001-01-3-000001_hv643.smarteye_3_yi__2019-08-11_12.04.11__YDXJ0863.jpg,246,381,196,211,sausage
444,train/Lodz-Wapienna-42-Zabka_ZAB000001-01-3-000001_hv643.smarteye_3_yi__2019-08-11_12.04.11__YDXJ0863.jpg,280,386,258,273,sausage
445,train/Lodz-Wapienna-42-Zabka_ZAB000001-01-3-000001_hv643.smarteye_3_yi__2019-08-11_12.04.11__YDXJ0863.jpg,248,352,243,256,sausage
446,train/Lodz-Wapienna-42-Zabka_ZAB000001-01-3-000001_hv643.smarteye_3_yi__2019-08-11_12.04.11__YDXJ0863.jpg,225,364,225,241,sausage
447,train/Lodz-Wapienna-42-Zabka_ZAB000001-01-3-000001_hv643.smarteye_3_yi__2019-08-11_12.04.11__YDXJ0863.jpg,232,372,212,226,sausage
448,train/Lodz-Wapienna-42-Zabka_ZAB000001-01-3-000001_hv643.smarteye_3_yi__2019-08-11_12.04.11__YDXJ0863.jpg,135,241,272,288,sausage
449,train/Lodz-Wapienna-42-Zabka_ZAB000001-01-3-000001_hv643.smarteye_3_yi__2019-08-11_12.04.11__YDXJ0863.jpg,135,246,258,272,sausage
450,train/Lodz-Wapienna-42-Zabka_ZAB000001-01-3-000001_hv643.smarteye_3_yi__2019-08-11_12.04.11__YDXJ0863.jpg,133,239,243,256,sausage
451,train/Lodz-Wapienna-42-Zabka_ZAB000001-01-3-000001_hv643.smarteye_3_yi__2019-08-11_12.04.11__YDXJ0863.jpg,130,222,229,242,sausage
452,train/Lodz-Wapienna-42-Zabka_ZAB000001-01-3-000001_hv643.smarteye_3_yi__2019-08-11_15.05.02__YDXJ0864.jpg,284,385,259,272,sausage
453,train/Lodz-Wapienna-42-Zabka_ZAB000001-01-3-000001_hv643.smarteye_3_yi__2019-08-11_15.05.02__YDXJ0864.jpg,228,326,243,256,sausage
454,train/Lodz-Wapienna-42-Zabka_ZAB000001-01-3-000001_hv643.smarteye_3_yi__2019-08-11_15.05.02__YDXJ0864.jpg,220,350,226,239,sausage
455,train/Lodz-Wapienna-42-Zabka_ZAB000001-01-3-000001_hv643.smarteye_3_yi__2019-08-11_15.05.02__YDXJ0864.jpg,250,378,198,213,sausage
456,train/Lodz-Wapienna-42-Zabka_ZAB000001-01-3-000001_hv643.smarteye_3_yi__2019-08-11_15.05.02__YDXJ0864.jpg,218,346,184,198,sausage
457,train/Lodz-Wapienna-42-Zabka_ZAB000001-01-3-000001_hv643.smarteye_3_yi__2019-08-11_15.05.02__YDXJ0864.jpg,248,375,169,183,sausage
458,train/Lodz-Wapienna-42-Zabka_ZAB000001-01-3-000001_hv643.smarteye_3_yi__2019-08-11_15.05.02__YDXJ0864.jpg,125,225,173,186,sausage
459,train/Lodz-Wapienna-42-Zabka_ZAB000001-01-3-000001_hv643.smarteye_3_yi__2019-08-11_15.05.02__YDXJ0864.jpg,128,228,270,286,sausage
460,train/Lodz-Wapienna-42-Zabka_ZAB000001-01-3-000001_hv643.smarteye_3_yi__2019-08-11_15.05.02__YDXJ0864.jpg,161,265,256,272,sausage
461,train/Lodz-Wapienna-42-Zabka_ZAB000001-01-3-000001_hv643.smarteye_3_yi__2019-08-11_15.05.02__YDXJ0864.jpg,130,228,242,255,sausage
462,train/Lodz-Wapienna-42-Zabka_ZAB000001-01-3-000001_hv643.smarteye_3_yi__2019-08-11_15.05.02__YDXJ0864.jpg,128,220,228,242,sausage
463,train/Lodz-Wapienna-42-Zabka_ZAB000001-01-3-000001_hv643.smarteye_3_yi__2019-08-11_15.05.02__YDXJ0864.jpg,145,247,214,228,sausage
464,train/Lodz-Wapienna-42-Zabka_ZAB000001-01-3-000001_hv643.smarteye_3_yi__2019-08-12_04.37.02__YDXJ0866.jpg,241,378,239,257,sausage
465,train/Lodz-Wapienna-42-Zabka_ZAB000001-01-3-000001_hv643.smarteye_3_yi__2019-08-12_04.37.02__YDXJ0866.jpg,236,368,226,241,sausage
466,train/Lodz-Wapienna-42-Zabka_ZAB000001-01-3-000001_hv643.smarteye_3_yi__2019-08-12_04.37.02__YDXJ0866.jpg,240,371,212,228,sausage
467,train/Lodz-Wapienna-42-Zabka_ZAB000001-01-3-000001_hv643.smarteye_3_yi__2019-08-12_04.37.02__YDXJ0866.jpg,241,380,197,214,sausage
468,train/Lodz-Wapienna-42-Zabka_ZAB000001-01-3-000001_hv643.smarteye_3_yi__2019-08-12_04.37.02__YDXJ0866.jpg,231,368,183,200,sausage
469,train/Lodz-Wapienna-42-Zabka_ZAB000001-01-3-000001_hv643.smarteye_3_yi__2019-08-12_04.37.02__YDXJ0866.jpg,238,377,169,183,sausage
470,train/Lodz-Wapienna-42-Zabka_ZAB000001-01-3-000001_hv643.smarteye_3_yi__2019-08-12_04.37.02__YDXJ0866.jpg,130,238,256,272,sausage
471,train/Lodz-Wapienna-42-Zabka_ZAB000001-01-3-000001_hv643.smarteye_3_yi__2019-08-12_04.37.02__YDXJ0866.jpg,125,231,242,256,sausage
472,train/Lodz-Wapienna-42-Zabka_ZAB000001-01-3-000001_hv643.smarteye_3_yi__2019-08-12_04.37.02__YDXJ0866.jpg,130,237,226,242,sausage
473,train/Lodz-Wapienna-42-Zabka_ZAB000001-01-3-000001_hv643.smarteye_3_yi__2019-08-12_04.37.02__YDXJ0866.jpg,135,240,212,227,sausage
474,train/Lodz-Wapienna-42-Zabka_ZAB000001-01-3-000001_hv643.smarteye_3_yi__2019-08-12_04.37.02__YDXJ0866.jpg,128,235,198,214,sausage
475,train/Lodz-Wapienna-42-Zabka_ZAB000001-01-3-000001_hv643.smarteye_3_yi__2019-08-12_04.37.02__YDXJ0866.jpg,127,231,186,200,sausage
476,train/Lodz-Wapienna-42-Zabka_ZAB000001-01-3-000001_hv643.smarteye_3_yi__2019-08-12_07.07.52__YDXJ0867.jpg,169,274,256,272,sausage
477,train/Lodz-Wapienna-42-Zabka_ZAB000001-01-3-000001_hv643.smarteye_3_yi__2019-08-12_07.07.52__YDXJ0867.jpg,237,367,241,258,sausage
478,train/Lodz-Wapienna-42-Zabka_ZAB000001-01-3-000001_hv643.smarteye_3_yi__2019-08-12_07.07.52__YDXJ0867.jpg,130,234,228,242,sausage
479,train/Lodz-Wapienna-42-Zabka_ZAB000001-01-3-000001_hv643.smarteye_3_yi__2019-08-12_07.07.52__YDXJ0867.jpg,242,369,211,227,sausage
480,train/Lodz-Wapienna-42-Zabka_ZAB000001-01-3-000001_hv643.smarteye_3_yi__2019-08-12_07.07.52__YDXJ0867.jpg,139,242,214,227,sausage
481,train/Lodz-Wapienna-42-Zabka_ZAB000001-01-3-000001_hv643.smarteye_3_yi__2019-08-12_07.07.52__YDXJ0867.jpg,247,381,197,213,sausage
482,train/Lodz-Wapienna-42-Zabka_ZAB000001-01-3-000001_hv643.smarteye_3_yi__2019-08-12_07.07.52__YDXJ0867.jpg,144,247,200,212,sausage
483,train/Lodz-Wapienna-42-Zabka_ZAB000001-01-3-000001_hv643.smarteye_3_yi__2019-08-12_07.07.52__YDXJ0867.jpg,125,225,186,199,sausage
484,train/Lodz-Wapienna-42-Zabka_ZAB000001-01-3-000001_hv643.smarteye_3_yi__2019-08-12_07.07.52__YDXJ0867.jpg,242,370,171,183,sausage
485,train/Lodz-Wapienna-42-Zabka_ZAB000001-01-3-000001_hv643.smarteye_3_yi__2019-08-12_10.03.36__YDXJ0868.jpg,138,248,256,271,sausage
486,train/Lodz-Wapienna-42-Zabka_ZAB000001-01-3-000001_hv643.smarteye_3_yi__2019-08-12_10.03.36__YDXJ0868.jpg,237,368,242,256,sausage
487,train/Lodz-Wapienna-42-Zabka_ZAB000001-01-3-000001_hv643.smarteye_3_yi__2019-08-12_10.03.36__YDXJ0868.jpg,131,239,242,256,sausage
488,train/Lodz-Wapienna-42-Zabka_ZAB000001-01-3-000001_hv643.smarteye_3_yi__2019-08-12_10.03.36__YDXJ0868.jpg,144,246,229,240,sausage
489,train/Lodz-Wapienna-42-Zabka_ZAB000001-01-3-000001_hv643.smarteye_3_yi__2019-08-12_10.03.36__YDXJ0868.jpg,239,368,212,228,sausage
490,train/Lodz-Wapienna-42-Zabka_ZAB000001-01-3-000001_hv643.smarteye_3_yi__2019-08-12_10.03.36__YDXJ0868.jpg,138,239,213,228,sausage
491,train/Lodz-Wapienna-42-Zabka_ZAB000001-01-3-000001_hv643.smarteye_3_yi__2019-08-12_10.03.36__YDXJ0868.jpg,234,370,198,211,sausage
492,train/Lodz-Wapienna-42-Zabka_ZAB000001-01-3-000001_hv643.smarteye_3_yi__2019-08-12_10.03.36__YDXJ0868.jpg,127,226,201,215,sausage
493,train/Lodz-Wapienna-42-Zabka_ZAB000001-01-3-000001_hv643.smarteye_3_yi__2019-08-12_10.03.36__YDXJ0868.jpg,126,224,187,199,sausage
494,train/Lodz-Wapienna-42-Zabka_ZAB000001-01-3-000001_hv643.smarteye_3_yi__2019-08-12_10.03.36__YDXJ0868.jpg,243,380,182,197,sausage
495,train/Lodz-Wapienna-42-Zabka_ZAB000001-01-3-000001_hv643.smarteye_3_yi__2019-08-12_12.04.28__YDXJ0869.jpg,157,262,257,272,sausage
496,train/Lodz-Wapienna-42-Zabka_ZAB000001-01-3-000001_hv643.smarteye_3_yi__2019-08-12_12.04.28__YDXJ0869.jpg,134,236,242,257,sausage
497,train/Lodz-Wapienna-42-Zabka_ZAB000001-01-3-000001_hv643.smarteye_3_yi__2019-08-12_12.04.28__YDXJ0869.jpg,234,373,225,241,sausage
498,train/Lodz-Wapienna-42-Zabka_ZAB000001-01-3-000001_hv643.smarteye_3_yi__2019-08-12_12.04.28__YDXJ0869.jpg,239,385,211,225,sausage
499,train/Lodz-Wapienna-42-Zabka_ZAB000001-01-3-000001_hv643.smarteye_3_yi__2019-08-12_12.04.28__YDXJ0869.jpg,132,238,214,228,sausage
500,train/Lodz-Wapienna-42-Zabka_ZAB000001-01-3-000001_hv643.smarteye_3_yi__2019-08-12_12.04.28__YDXJ0869.jpg,122,233,200,214,sausage
501,train/Lodz-Wapienna-42-Zabka_ZAB000001-01-3-000001_hv643.smarteye_3_yi__2019-08-12_12.04.28__YDXJ0869.jpg,122,222,187,200,sausage
502,train/Lodz-Wapienna-42-Zabka_ZAB000001-01-3-000001_hv643.smarteye_3_yi__2019-08-12_15.05.19__YDXJ0870.jpg,124,214,213,231,sausage
503,train/Lodz-Wapienna-42-Zabka_ZAB000001-01-3-000001_hv643.smarteye_3_yi__2019-08-12_15.05.19__YDXJ0870.jpg,126,259,199,214,sausage
504,train/Lodz-Wapienna-42-Zabka_ZAB000001-01-3-000001_hv643.smarteye_3_yi__2019-08-12_15.05.19__YDXJ0870.jpg,122,245,184,198,sausage
505,train/Lodz-Wapienna-42-Zabka_ZAB000001-01-3-000001_hv643.smarteye_3_yi__2019-08-12_15.05.19__YDXJ0870.jpg,274,380,211,228,sausage
506,train/Lodz-Wapienna-42-Zabka_ZAB000001-01-3-000001_hv643.smarteye_3_yi__2019-08-12_15.05.19__YDXJ0870.jpg,267,371,196,211,sausage
507,train/Lodz-Wapienna-42-Zabka_ZAB000001-01-3-000001_hv643.smarteye_3_yi__2019-08-12_15.05.19__YDXJ0870.jpg,262,366,182,197,sausage
508,train/Lodz-Wapienna-42-Zabka_ZAB000001-01-3-000001_hv643.smarteye_3_yi__2019-08-12_15.05.19__YDXJ0870.jpg,265,373,168,182,sausage
509,train/Lodz-Wapienna-42-Zabka_ZAB000001-01-3-000001_hv643.smarteye_3_yi__2019-08-12_15.05.19__YDXJ0870.jpg,271,375,152,168,sausage
510,train/Lodz-Wapienna-42-Zabka_ZAB000001-01-3-000001_hv643.smarteye_3_yi__2019-08-12_19.06.30__YDXJ0871.jpg,176,315,271,290,sausage
511,train/Lodz-Wapienna-42-Zabka_ZAB000001-01-3-000001_hv643.smarteye_3_yi__2019-08-12_19.06.30__YDXJ0871.jpg,191,334,256,272,sausage
512,train/Lodz-Wapienna-42-Zabka_ZAB000001-01-3-000001_hv643.smarteye_3_yi__2019-08-12_19.06.30__YDXJ0871.jpg,181,312,225,243,sausage
513,train/Lodz-Wapienna-42-Zabka_ZAB000001-01-3-000001_hv643.smarteye_3_yi__2019-08-12_19.06.30__YDXJ0871.jpg,127,254,212,231,sausage
514,train/Lodz-Wapienna-42-Zabka_ZAB000001-01-3-000001_hv643.smarteye_3_yi__2019-08-12_19.06.30__YDXJ0871.jpg,188,317,197,213,sausage
515,train/Lodz-Wapienna-42-Zabka_ZAB000001-01-3-000001_hv643.smarteye_3_yi__2019-08-12_19.06.30__YDXJ0871.jpg,130,259,182,201,sausage
516,train/Lodz-Wapienna-42-Zabka_ZAB000001-01-3-000001_hv643.smarteye_3_yi__2019-08-13_04.37.54__YDXJ0872.jpg,127,254,256,273,sausage
517,train/Lodz-Wapienna-42-Zabka_ZAB000001-01-3-000001_hv643.smarteye_3_yi__2019-08-13_04.37.54__YDXJ0872.jpg,123,249,240,256,sausage
518,train/Lodz-Wapienna-42-Zabka_ZAB000001-01-3-000001_hv643.smarteye_3_yi__2019-08-13_04.37.54__YDXJ0872.jpg,125,231,227,242,sausage
519,train/Lodz-Wapienna-42-Zabka_ZAB000001-01-3-000001_hv643.smarteye_3_yi__2019-08-13_04.37.54__YDXJ0872.jpg,134,246,213,228,sausage
520,train/Lodz-Wapienna-42-Zabka_ZAB000001-01-3-000001_hv643.smarteye_3_yi__2019-08-13_04.37.54__YDXJ0872.jpg,125,236,199,212,sausage
521,train/Lodz-Wapienna-42-Zabka_ZAB000001-01-3-000001_hv643.smarteye_3_yi__2019-08-13_04.37.54__YDXJ0872.jpg,132,239,186,199,sausage
522,train/Lodz-Wapienna-42-Zabka_ZAB000001-01-3-000001_hv643.smarteye_3_yi__2019-08-13_04.37.54__YDXJ0872.jpg,252,383,189,213,sausage
523,train/Lodz-Wapienna-42-Zabka_ZAB000001-01-3-000001_hv643.smarteye_3_yi__2019-08-13_04.37.54__YDXJ0872.jpg,237,368,162,185,sausage
524,train/Lodz-Wapienna-42-Zabka_ZAB000001-01-3-000001_hv643.smarteye_3_yi__2019-08-13_07.03.42__YDXJ0873.jpg,123,244,255,277,sausage
525,train/Lodz-Wapienna-42-Zabka_ZAB000001-01-3-000001_hv643.smarteye_3_yi__2019-08-13_07.03.42__YDXJ0873.jpg,244,373,241,258,sausage
526,train/Lodz-Wapienna-42-Zabka_ZAB000001-01-3-000001_hv643.smarteye_3_yi__2019-08-13_07.03.42__YDXJ0873.jpg,123,244,241,255,sausage
527,train/Lodz-Wapienna-42-Zabka_ZAB000001-01-3-000001_hv643.smarteye_3_yi__2019-08-13_07.03.42__YDXJ0873.jpg,123,227,230,241,sausage
528,train/Lodz-Wapienna-42-Zabka_ZAB000001-01-3-000001_hv643.smarteye_3_yi__2019-08-13_07.03.42__YDXJ0873.jpg,147,260,214,225,sausage
529,train/Lodz-Wapienna-42-Zabka_ZAB000001-01-3-000001_hv643.smarteye_3_yi__2019-08-13_07.03.42__YDXJ0873.jpg,136,244,200,212,sausage
530,train/Lodz-Wapienna-42-Zabka_ZAB000001-01-3-000001_hv643.smarteye_3_yi__2019-08-13_07.03.42__YDXJ0873.jpg,133,238,185,198,sausage
531,train/Lodz-Wapienna-42-Zabka_ZAB000001-01-3-000001_hv643.smarteye_3_yi__2019-08-13_07.03.42__YDXJ0873.jpg,246,376,225,240,sausage
532,train/Lodz-Wapienna-42-Zabka_ZAB000001-01-3-000001_hv643.smarteye_3_yi__2019-08-13_07.03.42__YDXJ0873.jpg,255,385,191,214,sausage
533,train/Lodz-Wapienna-42-Zabka_ZAB000001-01-3-000001_hv643.smarteye_3_yi__2019-08-13_07.03.42__YDXJ0873.jpg,251,380,161,184,sausage
534,train/Lodz-Wapienna-42-Zabka_ZAB000001-01-3-000001_hv643.smarteye_3_yi__2019-08-13_10.04.43__YDXJ0874.jpg,138,267,256,271,sausage
535,train/Lodz-Wapienna-42-Zabka_ZAB000001-01-3-000001_hv643.smarteye_3_yi__2019-08-13_10.04.43__YDXJ0874.jpg,248,378,224,241,sausage
536,train/Lodz-Wapienna-42-Zabka_ZAB000001-01-3-000001_hv643.smarteye_3_yi__2019-08-13_10.04.43__YDXJ0874.jpg,228,361,211,224,sausage
537,train/Lodz-Wapienna-42-Zabka_ZAB000001-01-3-000001_hv643.smarteye_3_yi__2019-08-13_10.04.43__YDXJ0874.jpg,257,383,192,213,sausage
538,train/Lodz-Wapienna-42-Zabka_ZAB000001-01-3-000001_hv643.smarteye_3_yi__2019-08-13_10.04.43__YDXJ0874.jpg,252,380,162,185,sausage
539,train/Lodz-Wapienna-42-Zabka_ZAB000001-01-3-000001_hv643.smarteye_3_yi__2019-08-13_10.04.43__YDXJ0874.jpg,127,233,173,186,sausage
540,train/Lodz-Wapienna-42-Zabka_ZAB000001-01-3-000001_hv643.smarteye_3_yi__2019-08-13_12.06.51__YDXJ0875.jpg,248,382,254,271,sausage
541,train/Lodz-Wapienna-42-Zabka_ZAB000001-01-3-000001_hv643.smarteye_3_yi__2019-08-13_12.06.51__YDXJ0875.jpg,253,385,240,256,sausage
542,train/Lodz-Wapienna-42-Zabka_ZAB000001-01-3-000001_hv643.smarteye_3_yi__2019-08-13_12.06.51__YDXJ0875.jpg,255,383,225,240,sausage
543,train/Lodz-Wapienna-42-Zabka_ZAB000001-01-3-000001_hv643.smarteye_3_yi__2019-08-13_12.06.51__YDXJ0875.jpg,239,366,211,224,sausage
544,train/Lodz-Wapienna-42-Zabka_ZAB000001-01-3-000001_hv643.smarteye_3_yi__2019-08-13_12.06.51__YDXJ0875.jpg,258,385,190,213,sausage
545,train/Lodz-Wapienna-42-Zabka_ZAB000001-01-3-000001_hv643.smarteye_3_yi__2019-08-13_12.06.51__YDXJ0875.jpg,251,380,160,184,sausage
546,train/Lodz-Wapienna-42-Zabka_ZAB000001-01-3-000001_hv643.smarteye_3_yi__2019-08-13_12.06.51__YDXJ0875.jpg,133,241,215,228,sausage
547,train/Lodz-Wapienna-42-Zabka_ZAB000001-01-3-000001_hv643.smarteye_3_yi__2019-08-13_12.06.51__YDXJ0875.jpg,135,241,201,214,sausage
548,train/Lodz-Wapienna-42-Zabka_ZAB000001-01-3-000001_hv643.smarteye_3_yi__2019-08-13_12.06.51__YDXJ0875.jpg,137,239,187,200,sausage
549,train/Lodz-Wapienna-42-Zabka_ZAB000001-01-3-000001_hv643.smarteye_3_yi__2019-08-13_12.06.51__YDXJ0875.jpg,125,229,172,185,sausage
550,train/Lodz-Wapienna-42-Zabka_ZAB000001-01-3-000001_hv643.smarteye_3_yi__2019-08-13_15.07.54__YDXJ0876.jpg,125,241,226,243,sausage
551,train/Lodz-Wapienna-42-Zabka_ZAB000001-01-3-000001_hv643.smarteye_3_yi__2019-08-13_15.07.54__YDXJ0876.jpg,125,241,212,225,sausage
552,train/Lodz-Wapienna-42-Zabka_ZAB000001-01-3-000001_hv643.smarteye_3_yi__2019-08-13_15.07.54__YDXJ0876.jpg,253,384,189,212,sausage
553,train/Lodz-Wapienna-42-Zabka_ZAB000001-01-3-000001_hv643.smarteye_3_yi__2019-08-13_15.07.54__YDXJ0876.jpg,253,380,161,185,sausage
554,train/Lodz-Wapienna-42-Zabka_ZAB000001-01-3-000001_hv643.smarteye_3_yi__2019-08-13_19.04.00__YDXJ0877.jpg,263,367,273,287,sausage
555,train/Lodz-Wapienna-42-Zabka_ZAB000001-01-3-000001_hv643.smarteye_3_yi__2019-08-13_19.04.00__YDXJ0877.jpg,125,217,270,285,sausage
556,train/Lodz-Wapienna-42-Zabka_ZAB000001-01-3-000001_hv643.smarteye_3_yi__2019-08-13_19.04.00__YDXJ0877.jpg,144,265,211,228,sausage
557,train/Lodz-Wapienna-42-Zabka_ZAB000001-01-3-000001_hv643.smarteye_3_yi__2019-08-13_19.04.00__YDXJ0877.jpg,260,384,188,212,sausage
558,train/Lodz-Wapienna-42-Zabka_ZAB000001-01-3-000001_hv643.smarteye_3_yi__2019-08-13_19.04.00__YDXJ0877.jpg,256,379,161,185,sausage
559,train/Lodz-Wapienna-42-Zabka_ZAB000001-01-3-000001_hv643.smarteye_3_yi__2019-08-13_19.04.00__YDXJ0877.jpg,127,238,184,199,sausage
560,train/Lodz-Wapienna-42-Zabka_ZAB000001-01-3-000001_hv643.smarteye_3_yi__2019-08-13_19.04.00__YDXJ0877.jpg,129,251,170,185,sausage
561,train/Lodz-Wapienna-42-Zabka_ZAB000001-01-3-000001_hv643.smarteye_3_yi__2019-08-13_19.04.00__YDXJ0877.jpg,125,241,158,173,sausage
562,train/Lodz-Wapienna-42-Zabka_ZAB000001-01-3-000001_hv643.smarteye_3_yi__2019-08-14_04.35.30__YDXJ0878.jpg,131,264,255,271,sausage
563,train/Lodz-Wapienna-42-Zabka_ZAB000001-01-3-000001_hv643.smarteye_3_yi__2019-08-14_04.35.30__YDXJ0878.jpg,125,255,241,255,sausage
564,train/Lodz-Wapienna-42-Zabka_ZAB000001-01-3-000001_hv643.smarteye_3_yi__2019-08-14_04.35.30__YDXJ0878.jpg,129,260,227,241,sausage
565,train/Lodz-Wapienna-42-Zabka_ZAB000001-01-3-000001_hv643.smarteye_3_yi__2019-08-14_04.35.30__YDXJ0878.jpg,122,226,214,227,sausage
566,train/Lodz-Wapienna-42-Zabka_ZAB000001-01-3-000001_hv643.smarteye_3_yi__2019-08-14_04.35.30__YDXJ0878.jpg,134,236,201,214,sausage
567,train/Lodz-Wapienna-42-Zabka_ZAB000001-01-3-000001_hv643.smarteye_3_yi__2019-08-14_04.35.30__YDXJ0878.jpg,127,231,187,201,sausage
568,train/Lodz-Wapienna-42-Zabka_ZAB000001-01-3-000001_hv643.smarteye_3_yi__2019-08-14_04.35.30__YDXJ0878.jpg,125,231,171,186,sausage
569,train/Lodz-Wapienna-42-Zabka_ZAB000001-01-3-000001_hv643.smarteye_3_yi__2019-08-14_04.35.30__YDXJ0878.jpg,238,347,171,186,sausage
570,train/Lodz-Wapienna-42-Zabka_ZAB000001-01-3-000001_hv643.smarteye_3_yi__2019-08-14_04.35.30__YDXJ0878.jpg,246,364,184,198,sausage
571,train/Lodz-Wapienna-42-Zabka_ZAB000001-01-3-000001_hv643.smarteye_3_yi__2019-08-14_04.35.30__YDXJ0878.jpg,251,366,200,213,sausage
572,train/Lodz-Wapienna-42-Zabka_ZAB000001-01-3-000001_hv643.smarteye_3_yi__2019-08-14_04.35.30__YDXJ0878.jpg,246,367,213,228,sausage
573,train/Lodz-Wapienna-42-Zabka_ZAB000001-01-3-000001_hv643.smarteye_3_yi__2019-08-14_07.06.29__YDXJ0879.jpg,132,255,226,244,sausage
574,train/Lodz-Wapienna-42-Zabka_ZAB000001-01-3-000001_hv643.smarteye_3_yi__2019-08-14_07.06.29__YDXJ0879.jpg,156,255,199,214,sausage
575,train/Lodz-Wapienna-42-Zabka_ZAB000001-01-3-000001_hv643.smarteye_3_yi__2019-08-14_07.06.29__YDXJ0879.jpg,132,232,186,200,sausage
576,train/Lodz-Wapienna-42-Zabka_ZAB000001-01-3-000001_hv643.smarteye_3_yi__2019-08-14_07.06.29__YDXJ0879.jpg,148,242,172,186,sausage
577,train/Lodz-Wapienna-42-Zabka_ZAB000001-01-3-000001_hv643.smarteye_3_yi__2019-08-14_07.06.29__YDXJ0879.jpg,238,346,170,183,sausage
578,train/Lodz-Wapienna-42-Zabka_ZAB000001-01-3-000001_hv643.smarteye_3_yi__2019-08-14_07.06.29__YDXJ0879.jpg,259,365,184,197,sausage
579,train/Lodz-Wapienna-42-Zabka_ZAB000001-01-3-000001_hv643.smarteye_3_yi__2019-08-14_07.06.29__YDXJ0879.jpg,264,376,197,212,sausage
580,train/Lodz-Wapienna-42-Zabka_ZAB000001-01-3-000001_hv643.smarteye_3_yi__2019-08-14_09.34.10__YDXJ0880.jpg,132,226,172,187,sausage
581,train/Lodz-Wapienna-42-Zabka_ZAB000001-01-3-000001_hv643.smarteye_3_yi__2019-08-14_09.34.10__YDXJ0880.jpg,122,215,188,199,sausage
582,train/Lodz-Wapienna-42-Zabka_ZAB000001-01-3-000001_hv643.smarteye_3_yi__2019-08-14_09.34.10__YDXJ0880.jpg,122,217,199,212,sausage
583,train/Lodz-Wapienna-42-Zabka_ZAB000001-01-3-000001_hv643.smarteye_3_yi__2019-08-14_09.34.10__YDXJ0880.jpg,122,251,212,228,sausage
584,train/Lodz-Wapienna-42-Zabka_ZAB000001-01-3-000001_hv643.smarteye_3_yi__2019-08-14_09.34.10__YDXJ0880.jpg,125,239,226,242,sausage
585,train/Lodz-Wapienna-42-Zabka_ZAB000001-01-3-000001_hv643.smarteye_3_yi__2019-08-14_09.34.10__YDXJ0880.jpg,253,367,212,228,sausage
586,train/Lodz-Wapienna-42-Zabka_ZAB000001-01-3-000001_hv643.smarteye_3_yi__2019-08-14_09.34.10__YDXJ0880.jpg,259,378,198,211,sausage
587,train/Lodz-Wapienna-42-Zabka_ZAB000001-01-3-000001_hv643.smarteye_3_yi__2019-08-14_09.34.10__YDXJ0880.jpg,268,373,185,197,sausage
588,train/Lodz-Wapienna-42-Zabka_ZAB000001-01-3-000001_hv643.smarteye_3_yi__2019-08-14_09.34.10__YDXJ0880.jpg,249,351,169,184,sausage
589,train/Lodz-Wapienna-42-Zabka_ZAB000001-01-3-000001_hv643.smarteye_3_yi__2019-08-14_09.48.59__YDXJ0881.jpg,248,351,170,184,sausage
590,train/Lodz-Wapienna-42-Zabka_ZAB000001-01-3-000001_hv643.smarteye_3_yi__2019-08-14_09.48.59__YDXJ0881.jpg,260,380,195,211,sausage
591,train/Lodz-Wapienna-42-Zabka_ZAB000001-01-3-000001_hv643.smarteye_3_yi__2019-08-14_09.48.59__YDXJ0881.jpg,248,365,210,227,sausage
592,train/Lodz-Wapienna-42-Zabka_ZAB000001-01-3-000001_hv643.smarteye_3_yi__2019-08-14_09.48.59__YDXJ0881.jpg,123,241,227,243,sausage
593,train/Lodz-Wapienna-42-Zabka_ZAB000001-01-3-000001_hv643.smarteye_3_yi__2019-08-14_09.48.59__YDXJ0881.jpg,118,248,213,226,sausage
594,train/Lodz-Wapienna-42-Zabka_ZAB000001-01-3-000001_hv643.smarteye_3_yi__2019-08-14_09.48.59__YDXJ0881.jpg,121,217,201,213,sausage
595,train/Lodz-Wapienna-42-Zabka_ZAB000001-01-3-000001_hv643.smarteye_3_yi__2019-08-14_09.48.59__YDXJ0881.jpg,123,216,187,200,sausage
596,train/Lodz-Wapienna-42-Zabka_ZAB000001-01-3-000001_hv643.smarteye_3_yi__2019-08-14_09.48.59__YDXJ0881.jpg,130,226,173,186,sausage
597,train/Lodz-Wapienna-42-Zabka_ZAB000001-01-3-000001_hv643.smarteye_3_yi__2019-08-14_11.35.52__YDXJ0883.jpg,163,290,254,272,sausage
598,train/Lodz-Wapienna-42-Zabka_ZAB000001-01-3-000001_hv643.smarteye_3_yi__2019-08-14_11.35.52__YDXJ0883.jpg,146,271,240,256,sausage
599,train/Lodz-Wapienna-42-Zabka_ZAB000001-01-3-000001_hv643.smarteye_3_yi__2019-08-14_11.35.52__YDXJ0883.jpg,144,271,225,240,sausage
600,train/Lodz-Wapienna-42-Zabka_ZAB000001-01-3-000001_hv643.smarteye_3_yi__2019-08-14_11.35.52__YDXJ0883.jpg,263,373,212,225,sausage
601,train/Lodz-Wapienna-42-Zabka_ZAB000001-01-3-000001_hv643.smarteye_3_yi__2019-08-14_11.35.52__YDXJ0883.jpg,263,377,198,211,sausage
602,train/Lodz-Wapienna-42-Zabka_ZAB000001-01-3-000001_hv643.smarteye_3_yi__2019-08-14_11.35.52__YDXJ0883.jpg,242,375,177,198,sausage
603,train/Lodz-Wapienna-42-Zabka_ZAB000001-01-3-000001_hv643.smarteye_3_yi__2019-08-14_11.35.52__YDXJ0883.jpg,157,254,199,214,sausage
604,train/Lodz-Wapienna-42-Zabka_ZAB000001-01-3-000001_hv643.smarteye_3_yi__2019-08-14_11.35.52__YDXJ0883.jpg,142,241,185,199,sausage
605,train/Lodz-Wapienna-42-Zabka_ZAB000001-01-3-000001_hv643.smarteye_3_yi__2019-08-14_11.51.36__YDXJ0884.jpg,165,293,254,271,sausage
606,train/Lodz-Wapienna-42-Zabka_ZAB000001-01-3-000001_hv643.smarteye_3_yi__2019-08-14_11.51.36__YDXJ0884.jpg,144,271,241,255,sausage
607,train/Lodz-Wapienna-42-Zabka_ZAB000001-01-3-000001_hv643.smarteye_3_yi__2019-08-14_11.51.36__YDXJ0884.jpg,143,269,226,243,sausage
608,train/Lodz-Wapienna-42-Zabka_ZAB000001-01-3-000001_hv643.smarteye_3_yi__2019-08-14_11.51.36__YDXJ0884.jpg,262,375,210,226,sausage
609,train/Lodz-Wapienna-42-Zabka_ZAB000001-01-3-000001_hv643.smarteye_3_yi__2019-08-14_11.51.36__YDXJ0884.jpg,264,376,199,211,sausage
610,train/Lodz-Wapienna-42-Zabka_ZAB000001-01-3-000001_hv643.smarteye_3_yi__2019-08-14_11.51.36__YDXJ0884.jpg,240,373,177,197,sausage
611,train/Lodz-Wapienna-42-Zabka_ZAB000001-01-3-000001_hv643.smarteye_3_yi__2019-08-14_11.51.36__YDXJ0884.jpg,149,255,199,214,sausage
612,train/Lodz-Wapienna-42-Zabka_ZAB000001-01-3-000001_hv643.smarteye_3_yi__2019-08-14_11.51.36__YDXJ0884.jpg,132,237,186,199,sausage
613,train/Lodz-Wapienna-42-Zabka_ZAB000001-01-3-000001_hv643.smarteye_3_yi__2019-08-14_11.51.36__YDXJ0884.jpg,131,237,173,186,sausage
614,train/Lodz-Wapienna-42-Zabka_ZAB000001-01-3-000001_hv643.smarteye_3_yi__2019-08-14_12.07.19__YDXJ0885.jpg,166,296,254,271,sausage
615,train/Lodz-Wapienna-42-Zabka_ZAB000001-01-3-000001_hv643.smarteye_3_yi__2019-08-14_12.07.19__YDXJ0885.jpg,146,270,241,255,sausage
616,train/Lodz-Wapienna-42-Zabka_ZAB000001-01-3-000001_hv643.smarteye_3_yi__2019-08-14_12.07.19__YDXJ0885.jpg,144,269,225,241,sausage
617,train/Lodz-Wapienna-42-Zabka_ZAB000001-01-3-000001_hv643.smarteye_3_yi__2019-08-14_12.07.19__YDXJ0885.jpg,263,374,211,225,sausage
618,train/Lodz-Wapienna-42-Zabka_ZAB000001-01-3-000001_hv643.smarteye_3_yi__2019-08-14_12.07.19__YDXJ0885.jpg,263,376,197,211,sausage
619,train/Lodz-Wapienna-42-Zabka_ZAB000001-01-3-000001_hv643.smarteye_3_yi__2019-08-14_12.07.19__YDXJ0885.jpg,151,258,198,213,sausage
620,train/Lodz-Wapienna-42-Zabka_ZAB000001-01-3-000001_hv643.smarteye_3_yi__2019-08-14_12.07.19__YDXJ0885.jpg,132,233,186,198,sausage
621,train/Lodz-Wapienna-42-Zabka_ZAB000001-01-3-000001_hv643.smarteye_3_yi__2019-08-14_12.07.19__YDXJ0885.jpg,132,235,171,186,sausage
622,train/Lodz-Wapienna-42-Zabka_ZAB000001-01-3-000001_hv643.smarteye_3_yi__2019-08-14_12.07.19__YDXJ0885.jpg,234,369,174,197,sausage
623,train/Lodz-Wapienna-42-Zabka_ZAB000001-01-3-000001_hv643.smarteye_3_yi__2019-08-14_14.33.05__YDXJ0886.jpg,200,331,178,199,sausage
624,train/Lodz-Wapienna-42-Zabka_ZAB000001-01-3-000001_hv643.smarteye_3_yi__2019-08-14_14.33.05__YDXJ0886.jpg,241,374,209,226,sausage
625,train/Lodz-Wapienna-42-Zabka_ZAB000001-01-3-000001_hv643.smarteye_3_yi__2019-08-14_14.33.05__YDXJ0886.jpg,123,218,214,228,sausage
626,train/Lodz-Wapienna-42-Zabka_ZAB000001-01-3-000001_hv643.smarteye_3_yi__2019-08-14_14.33.05__YDXJ0886.jpg,124,218,228,242,sausage
627,train/Lodz-Wapienna-42-Zabka_ZAB000001-01-3-000001_hv643.smarteye_3_yi__2019-08-14_14.33.05__YDXJ0886.jpg,136,236,242,256,sausage
628,train/Lodz-Wapienna-42-Zabka_ZAB000001-01-3-000001_hv643.smarteye_3_yi__2019-08-14_14.33.05__YDXJ0886.jpg,143,241,258,272,sausage
629,train/Lodz-Wapienna-42-Zabka_ZAB000001-01-3-000001_hv643.smarteye_3_yi__2019-08-14_14.33.05__YDXJ0886.jpg,254,389,255,271,sausage
630,train/Lodz-Wapienna-42-Zabka_ZAB000001-01-3-000001_hv643.smarteye_3_yi__2019-08-14_14.33.05__YDXJ0886.jpg,234,366,239,255,sausage
631,train/Lodz-Wapienna-42-Zabka_ZAB000001-01-3-000001_hv643.smarteye_3_yi__2019-08-14_14.33.05__YDXJ0886.jpg,237,372,226,241,sausage
632,train/Lodz-Wapienna-42-Zabka_ZAB000001-01-3-000001_hv643.smarteye_3_yi__2019-08-14_14.48.47__YDXJ0887.jpg,144,244,257,271,sausage
633,train/Lodz-Wapienna-42-Zabka_ZAB000001-01-3-000001_hv643.smarteye_3_yi__2019-08-14_14.48.47__YDXJ0887.jpg,138,235,242,255,sausage
634,train/Lodz-Wapienna-42-Zabka_ZAB000001-01-3-000001_hv643.smarteye_3_yi__2019-08-14_14.48.47__YDXJ0887.jpg,235,362,240,255,sausage
635,train/Lodz-Wapienna-42-Zabka_ZAB000001-01-3-000001_hv643.smarteye_3_yi__2019-08-14_14.48.47__YDXJ0887.jpg,254,386,255,269,sausage
636,train/Lodz-Wapienna-42-Zabka_ZAB000001-01-3-000001_hv643.smarteye_3_yi__2019-08-14_14.48.47__YDXJ0887.jpg,237,369,225,240,sausage
637,train/Lodz-Wapienna-42-Zabka_ZAB000001-01-3-000001_hv643.smarteye_3_yi__2019-08-14_14.48.47__YDXJ0887.jpg,244,372,210,226,sausage
638,train/Lodz-Wapienna-42-Zabka_ZAB000001-01-3-000001_hv643.smarteye_3_yi__2019-08-14_14.48.47__YDXJ0887.jpg,199,327,176,200,sausage
639,train/Lodz-Wapienna-42-Zabka_ZAB000001-01-3-000001_hv643.smarteye_3_yi__2019-08-14_15.04.33__YDXJ0888.jpg,195,322,175,201,sausage
640,train/Lodz-Wapienna-42-Zabka_ZAB000001-01-3-000001_hv643.smarteye_3_yi__2019-08-14_15.04.33__YDXJ0888.jpg,241,370,208,227,sausage
641,train/Lodz-Wapienna-42-Zabka_ZAB000001-01-3-000001_hv643.smarteye_3_yi__2019-08-14_15.04.33__YDXJ0888.jpg,234,367,226,241,sausage
642,train/Lodz-Wapienna-42-Zabka_ZAB000001-01-3-000001_hv643.smarteye_3_yi__2019-08-14_15.04.33__YDXJ0888.jpg,140,236,241,257,sausage
643,train/Lodz-Wapienna-42-Zabka_ZAB000001-01-3-000001_hv643.smarteye_3_yi__2019-08-14_15.04.33__YDXJ0888.jpg,236,365,240,256,sausage
644,train/Lodz-Wapienna-42-Zabka_ZAB000001-01-3-000001_hv643.smarteye_3_yi__2019-08-14_15.04.33__YDXJ0888.jpg,144,243,257,273,sausage
645,train/Lodz-Wapienna-42-Zabka_ZAB000001-01-3-000001_hv643.smarteye_3_yi__2019-08-14_15.04.33__YDXJ0888.jpg,257,387,254,271,sausage
646,train/Lodz-Wapienna-42-Zabka_ZAB000001-01-3-000001_hv643.smarteye_3_yi__2019-08-14_18.35.38__YDXJ0889.jpg,126,256,256,272,sausage
647,train/Lodz-Wapienna-42-Zabka_ZAB000001-01-3-000001_hv643.smarteye_3_yi__2019-08-14_18.35.38__YDXJ0889.jpg,136,266,240,256,sausage
648,train/Lodz-Wapienna-42-Zabka_ZAB000001-01-3-000001_hv643.smarteye_3_yi__2019-08-14_18.35.38__YDXJ0889.jpg,180,315,227,240,sausage
649,train/Lodz-Wapienna-42-Zabka_ZAB000001-01-3-000001_hv643.smarteye_3_yi__2019-08-14_18.35.38__YDXJ0889.jpg,213,343,212,226,sausage
650,train/Lodz-Wapienna-42-Zabka_ZAB000001-01-3-000001_hv643.smarteye_3_yi__2019-08-14_18.35.38__YDXJ0889.jpg,218,346,197,212,sausage
651,train/Lodz-Wapienna-42-Zabka_ZAB000001-01-3-000001_hv643.smarteye_3_yi__2019-08-14_18.35.38__YDXJ0889.jpg,191,315,182,198,sausage
652,train/Lodz-Wapienna-42-Zabka_ZAB000001-01-3-000001_hv643.smarteye_3_yi__2019-08-14_18.51.29__YDXJ0890.jpg,131,257,255,271,sausage
653,train/Lodz-Wapienna-42-Zabka_ZAB000001-01-3-000001_hv643.smarteye_3_yi__2019-08-14_18.51.29__YDXJ0890.jpg,136,267,241,255,sausage
654,train/Lodz-Wapienna-42-Zabka_ZAB000001-01-3-000001_hv643.smarteye_3_yi__2019-08-14_18.51.29__YDXJ0890.jpg,177,315,224,241,sausage
655,train/Lodz-Wapienna-42-Zabka_ZAB000001-01-3-000001_hv643.smarteye_3_yi__2019-08-14_18.51.29__YDXJ0890.jpg,216,344,211,224,sausage
656,train/Lodz-Wapienna-42-Zabka_ZAB000001-01-3-000001_hv643.smarteye_3_yi__2019-08-14_18.51.29__YDXJ0890.jpg,221,349,197,211,sausage
657,train/Lodz-Wapienna-42-Zabka_ZAB000001-01-3-000001_hv643.smarteye_3_yi__2019-08-14_18.51.29__YDXJ0890.jpg,192,318,183,200,sausage
658,train/Lodz-Wapienna-42-Zabka_ZAB000001-01-3-000001_hv643.smarteye_3_yi__2019-08-14_19.07.09__YDXJ0891.jpg,134,258,252,270,sausage
659,train/Lodz-Wapienna-42-Zabka_ZAB000001-01-3-000001_hv643.smarteye_3_yi__2019-08-14_19.07.09__YDXJ0891.jpg,181,314,224,241,sausage
660,train/Lodz-Wapienna-42-Zabka_ZAB000001-01-3-000001_hv643.smarteye_3_yi__2019-08-14_19.07.09__YDXJ0891.jpg,228,354,198,213,sausage
661,train/Lodz-Wapienna-42-Zabka_ZAB000001-01-3-000001_hv643.smarteye_3_yi__2019-08-14_19.07.09__YDXJ0891.jpg,199,324,184,199,sausage
